Call,Sample,hg19,rsid
C/C,Pat1_15,96520433, rs113164681
C/C,Pat1_15,96520443, rs111490789
T/T,Pat1_15,96521024, rs17878739
G/G,Pat1_15,96521422, rs7902257
C/C,Pat1_15,96521657, rs12248560
G/G,Pat1_15,96522450, rs367543001
A/A,Pat1_15,96522463, rs28399504
C/C,Pat1_15,96522469, rs367543002
T/T,Pat1_15,96522472, rs367543003
T/T,Pat1_15,96522512, rs55752064
A/C,Pat1_15,96522517, rs17882687
A/A,Pat1_15,96522545, Unnamed: 12_level_1
A/A,Pat1_15,96522613, Unnamed: 13_level_1
C/C,Pat1_15,96534863, rs145328984
C/C,Pat1_15,96534878, Unnamed: 15_level_1
G/G,Pat1_15,96534917, rs118203756
A/A,Pat1_15,96534942, Unnamed: 17_level_1
A/A,Pat1_15,96535124, rs12769205
T/T,Pat1_15,96535173, rs41291556
G/G,Pat1_15,96535210, rs72552267
G/G,Pat1_15,96535246, rs17884712
G/G,Pat1_15,96535264, rs58973490
G/G,Pat1_15,96540331, rs140278421
G/G,Pat1_15,96540336, rs370803989
G/G,Pat1_15,96540410, rs4986893
C/C,Pat1_15,96541615, rs6413438
G/G,Pat1_15,96541616, rs4244285
G/G,Pat1_15,96541701, Unnamed: 28_level_1
T/T,Pat1_15,96541756, rs72558186
G/G,Pat1_15,96602618, rs138142612
G/G,Pat1_15,96602636, rs118203757
G/G,Pat1_15,96602752, rs113934938
A/A,Pat1_15,96609721, rs377184510
C/C,Pat1_15,96609752, rs17879685
C/C,Pat1_15,96612495, rs56337013
C/C,Pat1_15,96612522, rs192154563
C/C,Pat1_15,96612542, rs118203759
A/A,Pat1_15,96612671, rs55640102
C/C,Pat3_24,96520433, rs113164681
C/C,Pat3_24,96520443, rs111490789
T/T,Pat3_24,96521024, rs17878739
G/G,Pat3_24,96521422, rs7902257
C/C,Pat3_24,96521657, rs12248560
G/G,Pat3_24,96522450, rs367543001
A/A,Pat3_24,96522463, rs28399504
C/C,Pat3_24,96522469, rs367543002
T/T,Pat3_24,96522472, rs367543003
T/T,Pat3_24,96522512, rs55752064
A/A,Pat3_24,96522517, rs17882687
A/A,Pat3_24,96522545, Unnamed: 12_level_1
A/A,Pat3_24,96522613, Unnamed: 13_level_1
C/C,Pat3_24,96534863, rs145328984
C/C,Pat3_24,96534878, Unnamed: 15_level_1
G/G,Pat3_24,96534917, rs118203756
A/A,Pat3_24,96534942, Unnamed: 17_level_1
A/A,Pat3_24,96535124, rs12769205
T/T,Pat3_24,96535173, rs41291556
G/G,Pat3_24,96535210, rs72552267
G/G,Pat3_24,96535246, rs17884712
G/G,Pat3_24,96535264, rs58973490
G/G,Pat3_24,96540331, rs140278421
G/G,Pat3_24,96540336, rs370803989
A/G,Pat3_24,96540410, rs4986893
C/C,Pat3_24,96541615, rs6413438
G/G,Pat3_24,96541616, rs4244285
G/G,Pat3_24,96541701, Unnamed: 28_level_1
T/T,Pat3_24,96541756, rs72558186
G/G,Pat3_24,96602618, rs138142612
G/A,Pat3_24,96602636, rs118203757
G/G,Pat3_24,96602752, rs113934938
A/G,Pat3_24,96609721, rs377184510
C/C,Pat3_24,96609752, rs17879685
C/C,Pat3_24,96612495, rs56337013
C/C,Pat3_24,96612522, rs192154563
C/C,Pat3_24,96612542, rs118203759
A/A,Pat3_24,96612671, rs55640102
C/C,Pat10_10,96520433, rs113164681
C/C,Pat10_10,96520443, rs111490789
T/T,Pat10_10,96521024, rs17878739
G/G,Pat10_10,96521422, rs7902257
C/C,Pat10_10,96521657, rs12248560
G/G,Pat10_10,96522450, rs367543001
A/A,Pat10_10,96522463, rs28399504
C/C,Pat10_10,96522469, rs367543002
T/T,Pat10_10,96522472, rs367543003
T/T,Pat10_10,96522512, rs55752064
A/A,Pat10_10,96522517, rs17882687
A/A,Pat10_10,96522545, Unnamed: 12_level_1
A/A,Pat10_10,96522613, Unnamed: 13_level_1
C/C,Pat10_10,96534863, rs145328984
C/C,Pat10_10,96534878, Unnamed: 15_level_1
G/G,Pat10_10,96534917, rs118203756
A/A,Pat10_10,96534942, Unnamed: 17_level_1
A/A,Pat10_10,96535124, rs12769205
T/T,Pat10_10,96535173, rs41291556
G/G,Pat10_10,96535210, rs72552267
G/G,Pat10_10,96535246, rs17884712
G/G,Pat10_10,96535264, rs58973490
G/G,Pat10_10,96540331, rs140278421
G/G,Pat10_10,96540336, rs370803989
G/G,Pat10_10,96540410, rs4986893
T/T,Pat10_10,96541615, rs6413438
G/G,Pat10_10,96541616, rs4244285
G/G,Pat10_10,96541701, Unnamed: 28_level_1
T/T,Pat10_10,96541756, rs72558186
G/G,Pat10_10,96602618, rs138142612
G/G,Pat10_10,96602636, rs118203757
G/G,Pat10_10,96602752, rs113934938
A/A,Pat10_10,96609721, rs377184510
C/C,Pat10_10,96609752, rs17879685
C/C,Pat10_10,96612495, rs56337013
C/C,Pat10_10,96612522, rs192154563
C/C,Pat10_10,96612542, rs118203759
A/A,Pat10_10,96612671, rs55640102
