Assay Name,Assay ID,Gene Symbol,NCBI SNP Reference,Sample ID,Call
CYP2C19.17_g.-806C>T,C____469857_10,CYP2C19,rs12248560,NA14476,C/C
CYP2C19.17_g.-806C>T,C____469857_10,CYP2C19,rs12248560,NA17104,C/T
CYP2C19.17_g.-806C>T,C____469857_10,CYP2C19,rs12248560,NA17105,C/C
CYP2C19.17_g.-806C>T,C____469857_10,CYP2C19,rs12248560,NA17109,C/T
CYP2C19.17_g.-806C>T,C____469857_10,CYP2C19,rs12248560,NA17112,C/C
CYP2C19.17_g.-806C>T,C____469857_10,CYP2C19,rs12248560,NA17114,C/C
CYP2C19.17_g.-806C>T,C____469857_10,CYP2C19,rs12248560,NA17117,C/C
CYP2C19.17_g.-806C>T,C____469857_10,CYP2C19,rs12248560,NA17118,C/C
CYP2C19.17_g.-806C>T,C____469857_10,CYP2C19,rs12248560,NA17120,C/T
CYP2C19.17_g.-806C>T,C____469857_10,CYP2C19,rs12248560,NA17125,C/C
CYP2C19.17_g.-806C>T,C____469857_10,CYP2C19,rs12248560,NA17126,C/C
CYP2C19.17_g.-806C>T,C____469857_10,CYP2C19,rs12248560,NA17128,C/C
CYP2C19.17_g.-806C>T,C____469857_10,CYP2C19,rs12248560,NA17130,C/T
CYP2C19.17_g.-806C>T,C____469857_10,CYP2C19,rs12248560,NA17132,C/C
CYP2C19.17_g.-806C>T,C____469857_10,CYP2C19,rs12248560,NA17137,C/C
CYP2C19.17_g.-806C>T,C____469857_10,CYP2C19,rs12248560,NA17139,C/C
CYP2C19.17_g.-806C>T,C____469857_10,CYP2C19,rs12248560,NA17144,C/C
CYP2C19.17_g.-806C>T,C____469857_10,CYP2C19,rs12248560,NA17148,C/T
CYP2C19.17_g.-806C>T,C____469857_10,CYP2C19,rs12248560,NA17155,C/T
CYP2C19.17_g.-806C>T,C____469857_10,CYP2C19,rs12248560,NA17205,C/C
CYP2C19.17_g.-806C>T,C____469857_10,CYP2C19,rs12248560,NA17206,C/C
CYP2C19.17_g.-806C>T,C____469857_10,CYP2C19,rs12248560,NA17207,C/C
CYP2C19.17_g.-806C>T,C____469857_10,CYP2C19,rs12248560,NA17209,C/C
CYP2C19.17_g.-806C>T,C____469857_10,CYP2C19,rs12248560,NA17210,C/C
CYP2C19.17_g.-806C>T,C____469857_10,CYP2C19,rs12248560,NA17211,C/C
CYP2C19.17_g.-806C>T,C____469857_10,CYP2C19,rs12248560,NA17216,C/C
CYP2C19.17_g.-806C>T,C____469857_10,CYP2C19,rs12248560,NA17217,C/C
CYP2C19.17_g.-806C>T,C____469857_10,CYP2C19,rs12248560,NA17221,C/C
CYP2C19.17_g.-806C>T,C____469857_10,CYP2C19,rs12248560,NA17223,C/T
CYP2C19.17_g.-806C>T,C____469857_10,CYP2C19,rs12248560,NA17225,C/C
CYP2C19.17_g.-806C>T,C____469857_10,CYP2C19,rs12248560,NA17227,C/C
CYP2C19.17_g.-806C>T,C____469857_10,CYP2C19,rs12248560,NA17232,C/T
CYP2C19.17_g.-806C>T,C____469857_10,CYP2C19,rs12248560,NA17237,C/T
CYP2C19.17_g.-806C>T,C____469857_10,CYP2C19,rs12248560,NA17239,C/T
CYP2C19.17_g.-806C>T,C____469857_10,CYP2C19,rs12248560,NA17242,C/C
CYP2C19.17_g.-806C>T,C____469857_10,CYP2C19,rs12248560,NA17245,C/C
CYP2C19.17_g.-806C>T,C____469857_10,CYP2C19,rs12248560,NA17247,C/C
CYP2C19.17_g.-806C>T,C____469857_10,CYP2C19,rs12248560,NA17254,C/C
CYP2C19.17_g.-806C>T,C____469857_10,CYP2C19,rs12248560,NA17258,C/C
CYP2C19.17_g.-806C>T,C____469857_10,CYP2C19,rs12248560,NA17259,C/C
CYP2C19.17_g.-806C>T,C____469857_10,CYP2C19,rs12248560,NTC,N/A
CYP2C19.17_g.-806C>T,C____469857_10,CYP2C19,rs12248560,NTC,N/A
CYP2C19.17_g.-806C>T,C____469857_10,CYP2C19,rs12248560,NTC,N/A
CYP2C19.17_g.-806C>T,C____469857_10,CYP2C19,rs12248560,NTC,N/A
CYP2D6.17_g.1023C>T,C___2222771_40,CYP2D6,rs28371706,NA14476,G/G
CYP2D6.17_g.1023C>T,C___2222771_40,CYP2D6,rs28371706,NA17104,G/G
CYP2D6.17_g.1023C>T,C___2222771_40,CYP2D6,rs28371706,NA17105,G/G
CYP2D6.17_g.1023C>T,C___2222771_40,CYP2D6,rs28371706,NA17109,G/G
CYP2D6.17_g.1023C>T,C___2222771_40,CYP2D6,rs28371706,NA17112,G/G
CYP2D6.17_g.1023C>T,C___2222771_40,CYP2D6,rs28371706,NA17114,G/G
CYP2D6.17_g.1023C>T,C___2222771_40,CYP2D6,rs28371706,NA17117,G/G
CYP2D6.17_g.1023C>T,C___2222771_40,CYP2D6,rs28371706,NA17118,G/G
CYP2D6.17_g.1023C>T,C___2222771_40,CYP2D6,rs28371706,NA17120,G/G
CYP2D6.17_g.1023C>T,C___2222771_40,CYP2D6,rs28371706,NA17125,G/G
CYP2D6.17_g.1023C>T,C___2222771_40,CYP2D6,rs28371706,NA17126,G/G
CYP2D6.17_g.1023C>T,C___2222771_40,CYP2D6,rs28371706,NA17128,G/G
CYP2D6.17_g.1023C>T,C___2222771_40,CYP2D6,rs28371706,NA17130,G/G
CYP2D6.17_g.1023C>T,C___2222771_40,CYP2D6,rs28371706,NA17132,G/A
CYP2D6.17_g.1023C>T,C___2222771_40,CYP2D6,rs28371706,NA17137,G/G
CYP2D6.17_g.1023C>T,C___2222771_40,CYP2D6,rs28371706,NA17139,G/G
CYP2D6.17_g.1023C>T,C___2222771_40,CYP2D6,rs28371706,NA17144,G/A
CYP2D6.17_g.1023C>T,C___2222771_40,CYP2D6,rs28371706,NA17148,G/G
CYP2D6.17_g.1023C>T,C___2222771_40,CYP2D6,rs28371706,NA17155,G/A
CYP2D6.17_g.1023C>T,C___2222771_40,CYP2D6,rs28371706,NA17205,G/G
CYP2D6.17_g.1023C>T,C___2222771_40,CYP2D6,rs28371706,NA17206,G/G
CYP2D6.17_g.1023C>T,C___2222771_40,CYP2D6,rs28371706,NA17207,G/G
CYP2D6.17_g.1023C>T,C___2222771_40,CYP2D6,rs28371706,NA17209,G/G
CYP2D6.17_g.1023C>T,C___2222771_40,CYP2D6,rs28371706,NA17210,G/G
CYP2D6.17_g.1023C>T,C___2222771_40,CYP2D6,rs28371706,NA17211,G/G
CYP2D6.17_g.1023C>T,C___2222771_40,CYP2D6,rs28371706,NA17216,G/G
CYP2D6.17_g.1023C>T,C___2222771_40,CYP2D6,rs28371706,NA17217,G/G
CYP2D6.17_g.1023C>T,C___2222771_40,CYP2D6,rs28371706,NA17221,G/G
CYP2D6.17_g.1023C>T,C___2222771_40,CYP2D6,rs28371706,NA17223,G/G
CYP2D6.17_g.1023C>T,C___2222771_40,CYP2D6,rs28371706,NA17225,G/G
CYP2D6.17_g.1023C>T,C___2222771_40,CYP2D6,rs28371706,NA17227,G/G
CYP2D6.17_g.1023C>T,C___2222771_40,CYP2D6,rs28371706,NA17232,G/G
CYP2D6.17_g.1023C>T,C___2222771_40,CYP2D6,rs28371706,NA17237,G/G
CYP2D6.17_g.1023C>T,C___2222771_40,CYP2D6,rs28371706,NA17239,G/G
CYP2D6.17_g.1023C>T,C___2222771_40,CYP2D6,rs28371706,NA17242,G/G
CYP2D6.17_g.1023C>T,C___2222771_40,CYP2D6,rs28371706,NA17245,G/G
CYP2D6.17_g.1023C>T,C___2222771_40,CYP2D6,rs28371706,NA17247,G/G
CYP2D6.17_g.1023C>T,C___2222771_40,CYP2D6,rs28371706,NA17254,G/G
CYP2D6.17_g.1023C>T,C___2222771_40,CYP2D6,rs28371706,NA17258,G/G
CYP2D6.17_g.1023C>T,C___2222771_40,CYP2D6,rs28371706,NA17259,G/G
CYP2D6.17_g.1023C>T,C___2222771_40,CYP2D6,rs28371706,NTC,N/A
CYP2D6.17_g.1023C>T,C___2222771_40,CYP2D6,rs28371706,NTC,N/A
CYP2D6.17_g.1023C>T,C___2222771_40,CYP2D6,rs28371706,NTC,N/A
CYP2D6.17_g.1023C>T,C___2222771_40,CYP2D6,rs28371706,NTC,N/A
CYP2D6.4.10.36_g.100C>T,C__11484460_40,CYP2D6,rs1065852,NA14476,G/G
CYP2D6.4.10.36_g.100C>T,C__11484460_40,CYP2D6,rs1065852,NA17104,G/G
CYP2D6.4.10.36_g.100C>T,C__11484460_40,CYP2D6,rs1065852,NA17105,A/G
CYP2D6.4.10.36_g.100C>T,C__11484460_40,CYP2D6,rs1065852,NA17109,A/A
CYP2D6.4.10.36_g.100C>T,C__11484460_40,CYP2D6,rs1065852,NA17112,G/G
CYP2D6.4.10.36_g.100C>T,C__11484460_40,CYP2D6,rs1065852,NA17114,G/G
CYP2D6.4.10.36_g.100C>T,C__11484460_40,CYP2D6,rs1065852,NA17117,A/A
CYP2D6.4.10.36_g.100C>T,C__11484460_40,CYP2D6,rs1065852,NA17118,G/G
CYP2D6.4.10.36_g.100C>T,C__11484460_40,CYP2D6,rs1065852,NA17120,A/G
CYP2D6.4.10.36_g.100C>T,C__11484460_40,CYP2D6,rs1065852,NA17125,G/G
CYP2D6.4.10.36_g.100C>T,C__11484460_40,CYP2D6,rs1065852,NA17126,G/G
CYP2D6.4.10.36_g.100C>T,C__11484460_40,CYP2D6,rs1065852,NA17128,G/G
CYP2D6.4.10.36_g.100C>T,C__11484460_40,CYP2D6,rs1065852,NA17130,G/G
CYP2D6.4.10.36_g.100C>T,C__11484460_40,CYP2D6,rs1065852,NA17132,A/G
CYP2D6.4.10.36_g.100C>T,C__11484460_40,CYP2D6,rs1065852,NA17137,G/G
CYP2D6.4.10.36_g.100C>T,C__11484460_40,CYP2D6,rs1065852,NA17139,G/G
CYP2D6.4.10.36_g.100C>T,C__11484460_40,CYP2D6,rs1065852,NA17144,G/G
CYP2D6.4.10.36_g.100C>T,C__11484460_40,CYP2D6,rs1065852,NA17148,G/G
CYP2D6.4.10.36_g.100C>T,C__11484460_40,CYP2D6,rs1065852,NA17155,G/G
CYP2D6.4.10.36_g.100C>T,C__11484460_40,CYP2D6,rs1065852,NA17205,G/G
CYP2D6.4.10.36_g.100C>T,C__11484460_40,CYP2D6,rs1065852,NA17206,A/G
CYP2D6.4.10.36_g.100C>T,C__11484460_40,CYP2D6,rs1065852,NA17207,G/G
CYP2D6.4.10.36_g.100C>T,C__11484460_40,CYP2D6,rs1065852,NA17209,A/G
CYP2D6.4.10.36_g.100C>T,C__11484460_40,CYP2D6,rs1065852,NA17210,A/G
CYP2D6.4.10.36_g.100C>T,C__11484460_40,CYP2D6,rs1065852,NA17211,A/G
CYP2D6.4.10.36_g.100C>T,C__11484460_40,CYP2D6,rs1065852,NA17216,G/G
CYP2D6.4.10.36_g.100C>T,C__11484460_40,CYP2D6,rs1065852,NA17217,G/G
CYP2D6.4.10.36_g.100C>T,C__11484460_40,CYP2D6,rs1065852,NA17221,G/G
CYP2D6.4.10.36_g.100C>T,C__11484460_40,CYP2D6,rs1065852,NA17223,G/G
CYP2D6.4.10.36_g.100C>T,C__11484460_40,CYP2D6,rs1065852,NA17225,A/A
CYP2D6.4.10.36_g.100C>T,C__11484460_40,CYP2D6,rs1065852,NA17227,G/G
CYP2D6.4.10.36_g.100C>T,C__11484460_40,CYP2D6,rs1065852,NA17232,G/G
CYP2D6.4.10.36_g.100C>T,C__11484460_40,CYP2D6,rs1065852,NA17237,A/G
CYP2D6.4.10.36_g.100C>T,C__11484460_40,CYP2D6,rs1065852,NA17239,A/G
CYP2D6.4.10.36_g.100C>T,C__11484460_40,CYP2D6,rs1065852,NA17242,G/G
CYP2D6.4.10.36_g.100C>T,C__11484460_40,CYP2D6,rs1065852,NA17245,A/G
CYP2D6.4.10.36_g.100C>T,C__11484460_40,CYP2D6,rs1065852,NA17247,G/G
CYP2D6.4.10.36_g.100C>T,C__11484460_40,CYP2D6,rs1065852,NA17254,A/G
CYP2D6.4.10.36_g.100C>T,C__11484460_40,CYP2D6,rs1065852,NA17258,G/G
CYP2D6.4.10.36_g.100C>T,C__11484460_40,CYP2D6,rs1065852,NA17259,A/G
CYP2D6.4.10.36_g.100C>T,C__11484460_40,CYP2D6,rs1065852,NTC,N/A
CYP2D6.4.10.36_g.100C>T,C__11484460_40,CYP2D6,rs1065852,NTC,N/A
CYP2D6.4.10.36_g.100C>T,C__11484460_40,CYP2D6,rs1065852,NTC,N/A
CYP2D6.4.10.36_g.100C>T,C__11484460_40,CYP2D6,rs1065852,NTC,N/A
CYP2C9.8_c.449G>A,C__25625804_10,CYP2C9,rs7900194,NA14476,G/G
CYP2C9.8_c.449G>A,C__25625804_10,CYP2C9,rs7900194,NA17104,G/G
CYP2C9.8_c.449G>A,C__25625804_10,CYP2C9,rs7900194,NA17105,G/G
CYP2C9.8_c.449G>A,C__25625804_10,CYP2C9,rs7900194,NA17109,G/G
CYP2C9.8_c.449G>A,C__25625804_10,CYP2C9,rs7900194,NA17112,G/G
CYP2C9.8_c.449G>A,C__25625804_10,CYP2C9,rs7900194,NA17114,G/G
CYP2C9.8_c.449G>A,C__25625804_10,CYP2C9,rs7900194,NA17117,G/G
CYP2C9.8_c.449G>A,C__25625804_10,CYP2C9,rs7900194,NA17118,G/G
CYP2C9.8_c.449G>A,C__25625804_10,CYP2C9,rs7900194,NA17120,G/G
CYP2C9.8_c.449G>A,C__25625804_10,CYP2C9,rs7900194,NA17125,G/G
CYP2C9.8_c.449G>A,C__25625804_10,CYP2C9,rs7900194,NA17126,G/G
CYP2C9.8_c.449G>A,C__25625804_10,CYP2C9,rs7900194,NA17128,G/G
CYP2C9.8_c.449G>A,C__25625804_10,CYP2C9,rs7900194,NA17130,G/G
CYP2C9.8_c.449G>A,C__25625804_10,CYP2C9,rs7900194,NA17132,G/G
CYP2C9.8_c.449G>A,C__25625804_10,CYP2C9,rs7900194,NA17137,G/G
CYP2C9.8_c.449G>A,C__25625804_10,CYP2C9,rs7900194,NA17139,G/G
CYP2C9.8_c.449G>A,C__25625804_10,CYP2C9,rs7900194,NA17144,G/G
CYP2C9.8_c.449G>A,C__25625804_10,CYP2C9,rs7900194,NA17148,G/G
CYP2C9.8_c.449G>A,C__25625804_10,CYP2C9,rs7900194,NA17155,A/G
CYP2C9.8_c.449G>A,C__25625804_10,CYP2C9,rs7900194,NA17205,G/G
CYP2C9.8_c.449G>A,C__25625804_10,CYP2C9,rs7900194,NA17206,G/G
CYP2C9.8_c.449G>A,C__25625804_10,CYP2C9,rs7900194,NA17207,G/G
CYP2C9.8_c.449G>A,C__25625804_10,CYP2C9,rs7900194,NA17209,G/G
CYP2C9.8_c.449G>A,C__25625804_10,CYP2C9,rs7900194,NA17210,G/G
CYP2C9.8_c.449G>A,C__25625804_10,CYP2C9,rs7900194,NA17211,G/G
CYP2C9.8_c.449G>A,C__25625804_10,CYP2C9,rs7900194,NA17216,G/G
CYP2C9.8_c.449G>A,C__25625804_10,CYP2C9,rs7900194,NA17217,G/G
CYP2C9.8_c.449G>A,C__25625804_10,CYP2C9,rs7900194,NA17221,G/G
CYP2C9.8_c.449G>A,C__25625804_10,CYP2C9,rs7900194,NA17223,G/G
CYP2C9.8_c.449G>A,C__25625804_10,CYP2C9,rs7900194,NA17225,G/G
CYP2C9.8_c.449G>A,C__25625804_10,CYP2C9,rs7900194,NA17227,G/G
CYP2C9.8_c.449G>A,C__25625804_10,CYP2C9,rs7900194,NA17232,G/G
CYP2C9.8_c.449G>A,C__25625804_10,CYP2C9,rs7900194,NA17237,G/G
CYP2C9.8_c.449G>A,C__25625804_10,CYP2C9,rs7900194,NA17239,G/G
CYP2C9.8_c.449G>A,C__25625804_10,CYP2C9,rs7900194,NA17242,G/G
CYP2C9.8_c.449G>A,C__25625804_10,CYP2C9,rs7900194,NA17245,G/G
CYP2C9.8_c.449G>A,C__25625804_10,CYP2C9,rs7900194,NA17247,G/G
CYP2C9.8_c.449G>A,C__25625804_10,CYP2C9,rs7900194,NA17254,G/G
CYP2C9.8_c.449G>A,C__25625804_10,CYP2C9,rs7900194,NA17258,G/G
CYP2C9.8_c.449G>A,C__25625804_10,CYP2C9,rs7900194,NA17259,G/G
CYP2C9.8_c.449G>A,C__25625804_10,CYP2C9,rs7900194,NTC,N/A
CYP2C9.8_c.449G>A,C__25625804_10,CYP2C9,rs7900194,NTC,N/A
CYP2C9.8_c.449G>A,C__25625804_10,CYP2C9,rs7900194,NTC,N/A
CYP2C9.8_c.449G>A,C__25625804_10,CYP2C9,rs7900194,NTC,N/A
CYP2C9.2A_c.430C>T,C__25625805_10,CYP2C9,rs1799853,NA14476,C/C
CYP2C9.2A_c.430C>T,C__25625805_10,CYP2C9,rs1799853,NA17104,C/C
CYP2C9.2A_c.430C>T,C__25625805_10,CYP2C9,rs1799853,NA17105,C/C
CYP2C9.2A_c.430C>T,C__25625805_10,CYP2C9,rs1799853,NA17109,C/C
CYP2C9.2A_c.430C>T,C__25625805_10,CYP2C9,rs1799853,NA17112,C/C
CYP2C9.2A_c.430C>T,C__25625805_10,CYP2C9,rs1799853,NA17114,C/C
CYP2C9.2A_c.430C>T,C__25625805_10,CYP2C9,rs1799853,NA17117,C/C
CYP2C9.2A_c.430C>T,C__25625805_10,CYP2C9,rs1799853,NA17118,C/C
CYP2C9.2A_c.430C>T,C__25625805_10,CYP2C9,rs1799853,NA17120,C/C
CYP2C9.2A_c.430C>T,C__25625805_10,CYP2C9,rs1799853,NA17125,C/C
CYP2C9.2A_c.430C>T,C__25625805_10,CYP2C9,rs1799853,NA17126,C/C
CYP2C9.2A_c.430C>T,C__25625805_10,CYP2C9,rs1799853,NA17128,C/C
CYP2C9.2A_c.430C>T,C__25625805_10,CYP2C9,rs1799853,NA17130,C/C
CYP2C9.2A_c.430C>T,C__25625805_10,CYP2C9,rs1799853,NA17132,C/C
CYP2C9.2A_c.430C>T,C__25625805_10,CYP2C9,rs1799853,NA17137,C/C
CYP2C9.2A_c.430C>T,C__25625805_10,CYP2C9,rs1799853,NA17139,C/C
CYP2C9.2A_c.430C>T,C__25625805_10,CYP2C9,rs1799853,NA17144,C/C
CYP2C9.2A_c.430C>T,C__25625805_10,CYP2C9,rs1799853,NA17148,C/C
CYP2C9.2A_c.430C>T,C__25625805_10,CYP2C9,rs1799853,NA17155,C/C
CYP2C9.2A_c.430C>T,C__25625805_10,CYP2C9,rs1799853,NA17205,C/T
CYP2C9.2A_c.430C>T,C__25625805_10,CYP2C9,rs1799853,NA17206,C/C
CYP2C9.2A_c.430C>T,C__25625805_10,CYP2C9,rs1799853,NA17207,C/C
CYP2C9.2A_c.430C>T,C__25625805_10,CYP2C9,rs1799853,NA17209,C/T
CYP2C9.2A_c.430C>T,C__25625805_10,CYP2C9,rs1799853,NA17210,C/T
CYP2C9.2A_c.430C>T,C__25625805_10,CYP2C9,rs1799853,NA17211,C/C
CYP2C9.2A_c.430C>T,C__25625805_10,CYP2C9,rs1799853,NA17216,C/T
CYP2C9.2A_c.430C>T,C__25625805_10,CYP2C9,rs1799853,NA17217,C/C
CYP2C9.2A_c.430C>T,C__25625805_10,CYP2C9,rs1799853,NA17221,C/T
CYP2C9.2A_c.430C>T,C__25625805_10,CYP2C9,rs1799853,NA17223,C/C
CYP2C9.2A_c.430C>T,C__25625805_10,CYP2C9,rs1799853,NA17225,C/C
CYP2C9.2A_c.430C>T,C__25625805_10,CYP2C9,rs1799853,NA17227,C/T
CYP2C9.2A_c.430C>T,C__25625805_10,CYP2C9,rs1799853,NA17232,C/C
CYP2C9.2A_c.430C>T,C__25625805_10,CYP2C9,rs1799853,NA17237,C/C
CYP2C9.2A_c.430C>T,C__25625805_10,CYP2C9,rs1799853,NA17239,C/T
CYP2C9.2A_c.430C>T,C__25625805_10,CYP2C9,rs1799853,NA17242,C/C
CYP2C9.2A_c.430C>T,C__25625805_10,CYP2C9,rs1799853,NA17245,C/T
CYP2C9.2A_c.430C>T,C__25625805_10,CYP2C9,rs1799853,NA17247,C/C
CYP2C9.2A_c.430C>T,C__25625805_10,CYP2C9,rs1799853,NA17254,C/T
CYP2C9.2A_c.430C>T,C__25625805_10,CYP2C9,rs1799853,NA17258,C/T
CYP2C9.2A_c.430C>T,C__25625805_10,CYP2C9,rs1799853,NA17259,C/C
CYP2C9.2A_c.430C>T,C__25625805_10,CYP2C9,rs1799853,NTC,N/A
CYP2C9.2A_c.430C>T,C__25625805_10,CYP2C9,rs1799853,NTC,N/A
CYP2C9.2A_c.430C>T,C__25625805_10,CYP2C9,rs1799853,NTC,N/A
CYP2C9.2A_c.430C>T,C__25625805_10,CYP2C9,rs1799853,NTC,N/A
CYP2C19.9_c.431G>A,C__25745302_30,CYP2C19,rs28399507,NA14476,G/G
CYP2C19.9_c.431G>A,C__25745302_30,CYP2C19,rs28399507,NA17104,G/G
CYP2C19.9_c.431G>A,C__25745302_30,CYP2C19,rs28399507,NA17105,G/G
CYP2C19.9_c.431G>A,C__25745302_30,CYP2C19,rs28399507,NA17109,G/G
CYP2C19.9_c.431G>A,C__25745302_30,CYP2C19,rs28399507,NA17112,G/G
CYP2C19.9_c.431G>A,C__25745302_30,CYP2C19,rs28399507,NA17114,G/G
CYP2C19.9_c.431G>A,C__25745302_30,CYP2C19,rs28399507,NA17117,G/G
CYP2C19.9_c.431G>A,C__25745302_30,CYP2C19,rs28399507,NA17118,G/G
CYP2C19.9_c.431G>A,C__25745302_30,CYP2C19,rs28399507,NA17120,G/G
CYP2C19.9_c.431G>A,C__25745302_30,CYP2C19,rs28399507,NA17125,G/G
CYP2C19.9_c.431G>A,C__25745302_30,CYP2C19,rs28399507,NA17126,G/G
CYP2C19.9_c.431G>A,C__25745302_30,CYP2C19,rs28399507,NA17128,G/G
CYP2C19.9_c.431G>A,C__25745302_30,CYP2C19,rs28399507,NA17130,G/G
CYP2C19.9_c.431G>A,C__25745302_30,CYP2C19,rs28399507,NA17132,G/G
CYP2C19.9_c.431G>A,C__25745302_30,CYP2C19,rs28399507,NA17137,G/G
CYP2C19.9_c.431G>A,C__25745302_30,CYP2C19,rs28399507,NA17139,G/G
CYP2C19.9_c.431G>A,C__25745302_30,CYP2C19,rs28399507,NA17144,G/G
CYP2C19.9_c.431G>A,C__25745302_30,CYP2C19,rs28399507,NA17148,G/G
CYP2C19.9_c.431G>A,C__25745302_30,CYP2C19,rs28399507,NA17155,G/G
CYP2C19.9_c.431G>A,C__25745302_30,CYP2C19,rs28399507,NA17205,G/G
CYP2C19.9_c.431G>A,C__25745302_30,CYP2C19,rs28399507,NA17206,G/G
CYP2C19.9_c.431G>A,C__25745302_30,CYP2C19,rs28399507,NA17207,G/G
CYP2C19.9_c.431G>A,C__25745302_30,CYP2C19,rs28399507,NA17209,G/G
CYP2C19.9_c.431G>A,C__25745302_30,CYP2C19,rs28399507,NA17210,G/G
CYP2C19.9_c.431G>A,C__25745302_30,CYP2C19,rs28399507,NA17211,G/G
CYP2C19.9_c.431G>A,C__25745302_30,CYP2C19,rs28399507,NA17216,G/G
CYP2C19.9_c.431G>A,C__25745302_30,CYP2C19,rs28399507,NA17217,G/G
CYP2C19.9_c.431G>A,C__25745302_30,CYP2C19,rs28399507,NA17221,G/G
CYP2C19.9_c.431G>A,C__25745302_30,CYP2C19,rs28399507,NA17223,G/G
CYP2C19.9_c.431G>A,C__25745302_30,CYP2C19,rs28399507,NA17225,G/G
CYP2C19.9_c.431G>A,C__25745302_30,CYP2C19,rs28399507,NA17227,G/G
CYP2C19.9_c.431G>A,C__25745302_30,CYP2C19,rs28399507,NA17232,G/G
CYP2C19.9_c.431G>A,C__25745302_30,CYP2C19,rs28399507,NA17237,G/G
CYP2C19.9_c.431G>A,C__25745302_30,CYP2C19,rs28399507,NA17239,G/G
CYP2C19.9_c.431G>A,C__25745302_30,CYP2C19,rs28399507,NA17242,G/G
CYP2C19.9_c.431G>A,C__25745302_30,CYP2C19,rs28399507,NA17245,G/G
CYP2C19.9_c.431G>A,C__25745302_30,CYP2C19,rs28399507,NA17247,G/G
CYP2C19.9_c.431G>A,C__25745302_30,CYP2C19,rs28399507,NA17254,G/G
CYP2C19.9_c.431G>A,C__25745302_30,CYP2C19,rs28399507,NA17258,G/G
CYP2C19.9_c.431G>A,C__25745302_30,CYP2C19,rs28399507,NA17259,G/G
CYP2C19.9_c.431G>A,C__25745302_30,CYP2C19,rs28399507,NTC,N/A
CYP2C19.9_c.431G>A,C__25745302_30,CYP2C19,rs28399507,NTC,N/A
CYP2C19.9_c.431G>A,C__25745302_30,CYP2C19,rs28399507,NTC,N/A
CYP2C19.9_c.431G>A,C__25745302_30,CYP2C19,rs28399507,NTC,N/A
CYP2C19.2_c.681G>A,C__25986767_70,CYP2C19,rs4244285,NA14476,G/G
CYP2C19.2_c.681G>A,C__25986767_70,CYP2C19,rs4244285,NA17104,G/G
CYP2C19.2_c.681G>A,C__25986767_70,CYP2C19,rs4244285,NA17105,A/G
CYP2C19.2_c.681G>A,C__25986767_70,CYP2C19,rs4244285,NA17109,A/G
CYP2C19.2_c.681G>A,C__25986767_70,CYP2C19,rs4244285,NA17112,G/G
CYP2C19.2_c.681G>A,C__25986767_70,CYP2C19,rs4244285,NA17114,G/G
CYP2C19.2_c.681G>A,C__25986767_70,CYP2C19,rs4244285,NA17117,G/G
CYP2C19.2_c.681G>A,C__25986767_70,CYP2C19,rs4244285,NA17118,G/G
CYP2C19.2_c.681G>A,C__25986767_70,CYP2C19,rs4244285,NA17120,G/G
CYP2C19.2_c.681G>A,C__25986767_70,CYP2C19,rs4244285,NA17125,G/G
CYP2C19.2_c.681G>A,C__25986767_70,CYP2C19,rs4244285,NA17126,A/G
CYP2C19.2_c.681G>A,C__25986767_70,CYP2C19,rs4244285,NA17128,G/G
CYP2C19.2_c.681G>A,C__25986767_70,CYP2C19,rs4244285,NA17130,G/G
CYP2C19.2_c.681G>A,C__25986767_70,CYP2C19,rs4244285,NA17132,G/G
CYP2C19.2_c.681G>A,C__25986767_70,CYP2C19,rs4244285,NA17137,G/G
CYP2C19.2_c.681G>A,C__25986767_70,CYP2C19,rs4244285,NA17139,A/G
CYP2C19.2_c.681G>A,C__25986767_70,CYP2C19,rs4244285,NA17144,A/G
CYP2C19.2_c.681G>A,C__25986767_70,CYP2C19,rs4244285,NA17148,G/G
CYP2C19.2_c.681G>A,C__25986767_70,CYP2C19,rs4244285,NA17155,G/G
CYP2C19.2_c.681G>A,C__25986767_70,CYP2C19,rs4244285,NA17205,A/G
CYP2C19.2_c.681G>A,C__25986767_70,CYP2C19,rs4244285,NA17206,G/G
CYP2C19.2_c.681G>A,C__25986767_70,CYP2C19,rs4244285,NA17207,A/G
CYP2C19.2_c.681G>A,C__25986767_70,CYP2C19,rs4244285,NA17209,G/G
CYP2C19.2_c.681G>A,C__25986767_70,CYP2C19,rs4244285,NA17210,G/G
CYP2C19.2_c.681G>A,C__25986767_70,CYP2C19,rs4244285,NA17211,G/G
CYP2C19.2_c.681G>A,C__25986767_70,CYP2C19,rs4244285,NA17216,G/G
CYP2C19.2_c.681G>A,C__25986767_70,CYP2C19,rs4244285,NA17217,G/G
CYP2C19.2_c.681G>A,C__25986767_70,CYP2C19,rs4244285,NA17221,G/G
CYP2C19.2_c.681G>A,C__25986767_70,CYP2C19,rs4244285,NA17223,G/G
CYP2C19.2_c.681G>A,C__25986767_70,CYP2C19,rs4244285,NA17225,G/G
CYP2C19.2_c.681G>A,C__25986767_70,CYP2C19,rs4244285,NA17227,G/G
CYP2C19.2_c.681G>A,C__25986767_70,CYP2C19,rs4244285,NA17232,A/G
CYP2C19.2_c.681G>A,C__25986767_70,CYP2C19,rs4244285,NA17237,A/G
CYP2C19.2_c.681G>A,C__25986767_70,CYP2C19,rs4244285,NA17239,G/G
CYP2C19.2_c.681G>A,C__25986767_70,CYP2C19,rs4244285,NA17242,G/G
CYP2C19.2_c.681G>A,C__25986767_70,CYP2C19,rs4244285,NA17245,A/G
CYP2C19.2_c.681G>A,C__25986767_70,CYP2C19,rs4244285,NA17247,G/G
CYP2C19.2_c.681G>A,C__25986767_70,CYP2C19,rs4244285,NA17254,G/G
CYP2C19.2_c.681G>A,C__25986767_70,CYP2C19,rs4244285,NA17258,A/G
CYP2C19.2_c.681G>A,C__25986767_70,CYP2C19,rs4244285,NA17259,G/G
CYP2C19.2_c.681G>A,C__25986767_70,CYP2C19,rs4244285,NTC,N/A
CYP2C19.2_c.681G>A,C__25986767_70,CYP2C19,rs4244285,NTC,N/A
CYP2C19.2_c.681G>A,C__25986767_70,CYP2C19,rs4244285,NTC,N/A
CYP2C19.2_c.681G>A,C__25986767_70,CYP2C19,rs4244285,NTC,N/A
CYP2D6.2. XN_g.4180G>C,C__27102414_10,CYP2D6,rs1135840,NA14476,G/G
CYP2D6.2. XN_g.4180G>C,C__27102414_10,CYP2D6,rs1135840,NA17104,G/G
CYP2D6.2. XN_g.4180G>C,C__27102414_10,CYP2D6,rs1135840,NA17105,G/G
CYP2D6.2. XN_g.4180G>C,C__27102414_10,CYP2D6,rs1135840,NA17109,G/G
CYP2D6.2. XN_g.4180G>C,C__27102414_10,CYP2D6,rs1135840,NA17112,C/C
CYP2D6.2. XN_g.4180G>C,C__27102414_10,CYP2D6,rs1135840,NA17114,C/C
CYP2D6.2. XN_g.4180G>C,C__27102414_10,CYP2D6,rs1135840,NA17117,G/G
CYP2D6.2. XN_g.4180G>C,C__27102414_10,CYP2D6,rs1135840,NA17118,C/G
CYP2D6.2. XN_g.4180G>C,C__27102414_10,CYP2D6,rs1135840,NA17120,C/G
CYP2D6.2. XN_g.4180G>C,C__27102414_10,CYP2D6,rs1135840,NA17125,C/C
CYP2D6.2. XN_g.4180G>C,C__27102414_10,CYP2D6,rs1135840,NA17126,C/G
CYP2D6.2. XN_g.4180G>C,C__27102414_10,CYP2D6,rs1135840,NA17128,C/C
CYP2D6.2. XN_g.4180G>C,C__27102414_10,CYP2D6,rs1135840,NA17130,C/G
CYP2D6.2. XN_g.4180G>C,C__27102414_10,CYP2D6,rs1135840,NA17132,G/G
CYP2D6.2. XN_g.4180G>C,C__27102414_10,CYP2D6,rs1135840,NA17137,G/G
CYP2D6.2. XN_g.4180G>C,C__27102414_10,CYP2D6,rs1135840,NA17139,C/G
CYP2D6.2. XN_g.4180G>C,C__27102414_10,CYP2D6,rs1135840,NA17144,C/G
CYP2D6.2. XN_g.4180G>C,C__27102414_10,CYP2D6,rs1135840,NA17148,C/C
CYP2D6.2. XN_g.4180G>C,C__27102414_10,CYP2D6,rs1135840,NA17155,G/G
CYP2D6.2. XN_g.4180G>C,C__27102414_10,CYP2D6,rs1135840,NA17205,C/G
CYP2D6.2. XN_g.4180G>C,C__27102414_10,CYP2D6,rs1135840,NA17206,G/G
CYP2D6.2. XN_g.4180G>C,C__27102414_10,CYP2D6,rs1135840,NA17207,G/G
CYP2D6.2. XN_g.4180G>C,C__27102414_10,CYP2D6,rs1135840,NA17209,C/G
CYP2D6.2. XN_g.4180G>C,C__27102414_10,CYP2D6,rs1135840,NA17210,C/G
CYP2D6.2. XN_g.4180G>C,C__27102414_10,CYP2D6,rs1135840,NA17211,G/G
CYP2D6.2. XN_g.4180G>C,C__27102414_10,CYP2D6,rs1135840,NA17216,C/C
CYP2D6.2. XN_g.4180G>C,C__27102414_10,CYP2D6,rs1135840,NA17217,C/G
CYP2D6.2. XN_g.4180G>C,C__27102414_10,CYP2D6,rs1135840,NA17221,C/G
CYP2D6.2. XN_g.4180G>C,C__27102414_10,CYP2D6,rs1135840,NA17223,C/C
CYP2D6.2. XN_g.4180G>C,C__27102414_10,CYP2D6,rs1135840,NA17225,G/G
CYP2D6.2. XN_g.4180G>C,C__27102414_10,CYP2D6,rs1135840,NA17227,C/C
CYP2D6.2. XN_g.4180G>C,C__27102414_10,CYP2D6,rs1135840,NA17232,G/G
CYP2D6.2. XN_g.4180G>C,C__27102414_10,CYP2D6,rs1135840,NA17237,C/G
CYP2D6.2. XN_g.4180G>C,C__27102414_10,CYP2D6,rs1135840,NA17239,C/G
CYP2D6.2. XN_g.4180G>C,C__27102414_10,CYP2D6,rs1135840,NA17242,C/C
CYP2D6.2. XN_g.4180G>C,C__27102414_10,CYP2D6,rs1135840,NA17245,G/G
CYP2D6.2. XN_g.4180G>C,C__27102414_10,CYP2D6,rs1135840,NA17247,C/G
CYP2D6.2. XN_g.4180G>C,C__27102414_10,CYP2D6,rs1135840,NA17254,G/G
CYP2D6.2. XN_g.4180G>C,C__27102414_10,CYP2D6,rs1135840,NA17258,C/G
CYP2D6.2. XN_g.4180G>C,C__27102414_10,CYP2D6,rs1135840,NA17259,G/G
CYP2D6.2. XN_g.4180G>C,C__27102414_10,CYP2D6,rs1135840,NTC,N/A
CYP2D6.2. XN_g.4180G>C,C__27102414_10,CYP2D6,rs1135840,NTC,N/A
CYP2D6.2. XN_g.4180G>C,C__27102414_10,CYP2D6,rs1135840,NTC,N/A
CYP2D6.2. XN_g.4180G>C,C__27102414_10,CYP2D6,rs1135840,NTC,N/A
CYP2D6.2.XN_g.2850C>T,C__27102425_10,CYP2D6,rs16947,NA14476,A/A
CYP2D6.2.XN_g.2850C>T,C__27102425_10,CYP2D6,rs16947,NA17104,A/A
CYP2D6.2.XN_g.2850C>T,C__27102425_10,CYP2D6,rs16947,NA17105,G/G
CYP2D6.2.XN_g.2850C>T,C__27102425_10,CYP2D6,rs16947,NA17109,G/G
CYP2D6.2.XN_g.2850C>T,C__27102425_10,CYP2D6,rs16947,NA17112,G/G
CYP2D6.2.XN_g.2850C>T,C__27102425_10,CYP2D6,rs16947,NA17114,G/G
CYP2D6.2.XN_g.2850C>T,C__27102425_10,CYP2D6,rs16947,NA17117,G/G
CYP2D6.2.XN_g.2850C>T,C__27102425_10,CYP2D6,rs16947,NA17118,A/G
CYP2D6.2.XN_g.2850C>T,C__27102425_10,CYP2D6,rs16947,NA17120,G/G
CYP2D6.2.XN_g.2850C>T,C__27102425_10,CYP2D6,rs16947,NA17125,G/G
CYP2D6.2.XN_g.2850C>T,C__27102425_10,CYP2D6,rs16947,NA17126,A/G
CYP2D6.2.XN_g.2850C>T,C__27102425_10,CYP2D6,rs16947,NA17128,G/G
CYP2D6.2.XN_g.2850C>T,C__27102425_10,CYP2D6,rs16947,NA17130,A/G
CYP2D6.2.XN_g.2850C>T,C__27102425_10,CYP2D6,rs16947,NA17132,A/G
CYP2D6.2.XN_g.2850C>T,C__27102425_10,CYP2D6,rs16947,NA17137,A/A
CYP2D6.2.XN_g.2850C>T,C__27102425_10,CYP2D6,rs16947,NA17139,A/G
CYP2D6.2.XN_g.2850C>T,C__27102425_10,CYP2D6,rs16947,NA17144,A/G
CYP2D6.2.XN_g.2850C>T,C__27102425_10,CYP2D6,rs16947,NA17148,G/G
CYP2D6.2.XN_g.2850C>T,C__27102425_10,CYP2D6,rs16947,NA17155,A/A
CYP2D6.2.XN_g.2850C>T,C__27102425_10,CYP2D6,rs16947,NA17205,A/G
CYP2D6.2.XN_g.2850C>T,C__27102425_10,CYP2D6,rs16947,NA17206,A/G
CYP2D6.2.XN_g.2850C>T,C__27102425_10,CYP2D6,rs16947,NA17207,A/A
CYP2D6.2.XN_g.2850C>T,C__27102425_10,CYP2D6,rs16947,NA17209,G/G
CYP2D6.2.XN_g.2850C>T,C__27102425_10,CYP2D6,rs16947,NA17210,G/G
CYP2D6.2.XN_g.2850C>T,C__27102425_10,CYP2D6,rs16947,NA17211,A/G
CYP2D6.2.XN_g.2850C>T,C__27102425_10,CYP2D6,rs16947,NA17216,G/G
CYP2D6.2.XN_g.2850C>T,C__27102425_10,CYP2D6,rs16947,NA17217,A/G
CYP2D6.2.XN_g.2850C>T,C__27102425_10,CYP2D6,rs16947,NA17221,A/G
CYP2D6.2.XN_g.2850C>T,C__27102425_10,CYP2D6,rs16947,NA17223,G/G
CYP2D6.2.XN_g.2850C>T,C__27102425_10,CYP2D6,rs16947,NA17225,G/G
CYP2D6.2.XN_g.2850C>T,C__27102425_10,CYP2D6,rs16947,NA17227,G/G
CYP2D6.2.XN_g.2850C>T,C__27102425_10,CYP2D6,rs16947,NA17232,A/A
CYP2D6.2.XN_g.2850C>T,C__27102425_10,CYP2D6,rs16947,NA17237,G/G
CYP2D6.2.XN_g.2850C>T,C__27102425_10,CYP2D6,rs16947,NA17239,G/G
CYP2D6.2.XN_g.2850C>T,C__27102425_10,CYP2D6,rs16947,NA17242,G/G
CYP2D6.2.XN_g.2850C>T,C__27102425_10,CYP2D6,rs16947,NA17245,A/G
CYP2D6.2.XN_g.2850C>T,C__27102425_10,CYP2D6,rs16947,NA17247,A/G
CYP2D6.2.XN_g.2850C>T,C__27102425_10,CYP2D6,rs16947,NA17254,A/G
CYP2D6.2.XN_g.2850C>T,C__27102425_10,CYP2D6,rs16947,NA17258,A/G
CYP2D6.2.XN_g.2850C>T,C__27102425_10,CYP2D6,rs16947,NA17259,A/G
CYP2D6.2.XN_g.2850C>T,C__27102425_10,CYP2D6,rs16947,NTC,N/A
CYP2D6.2.XN_g.2850C>T,C__27102425_10,CYP2D6,rs16947,NTC,N/A
CYP2D6.2.XN_g.2850C>T,C__27102425_10,CYP2D6,rs16947,NTC,N/A
CYP2D6.2.XN_g.2850C>T,C__27102425_10,CYP2D6,rs16947,NTC,N/A
CYP2D6.4_g.1846G>A,C__27102431_D0,CYP2D6,rs3892097,NA14476,C/C
CYP2D6.4_g.1846G>A,C__27102431_D0,CYP2D6,rs3892097,NA17104,C/C
CYP2D6.4_g.1846G>A,C__27102431_D0,CYP2D6,rs3892097,NA17105,C/T
CYP2D6.4_g.1846G>A,C__27102431_D0,CYP2D6,rs3892097,NA17109,C/C
CYP2D6.4_g.1846G>A,C__27102431_D0,CYP2D6,rs3892097,NA17112,C/C
CYP2D6.4_g.1846G>A,C__27102431_D0,CYP2D6,rs3892097,NA17114,C/C
CYP2D6.4_g.1846G>A,C__27102431_D0,CYP2D6,rs3892097,NA17117,C/T
CYP2D6.4_g.1846G>A,C__27102431_D0,CYP2D6,rs3892097,NA17118,C/C
CYP2D6.4_g.1846G>A,C__27102431_D0,CYP2D6,rs3892097,NA17120,C/C
CYP2D6.4_g.1846G>A,C__27102431_D0,CYP2D6,rs3892097,NA17125,C/C
CYP2D6.4_g.1846G>A,C__27102431_D0,CYP2D6,rs3892097,NA17126,C/C
CYP2D6.4_g.1846G>A,C__27102431_D0,CYP2D6,rs3892097,NA17128,C/C
CYP2D6.4_g.1846G>A,C__27102431_D0,CYP2D6,rs3892097,NA17130,C/C
CYP2D6.4_g.1846G>A,C__27102431_D0,CYP2D6,rs3892097,NA17132,C/C
CYP2D6.4_g.1846G>A,C__27102431_D0,CYP2D6,rs3892097,NA17137,C/C
CYP2D6.4_g.1846G>A,C__27102431_D0,CYP2D6,rs3892097,NA17139,C/C
CYP2D6.4_g.1846G>A,C__27102431_D0,CYP2D6,rs3892097,NA17144,C/C
CYP2D6.4_g.1846G>A,C__27102431_D0,CYP2D6,rs3892097,NA17148,C/C
CYP2D6.4_g.1846G>A,C__27102431_D0,CYP2D6,rs3892097,NA17155,C/C
CYP2D6.4_g.1846G>A,C__27102431_D0,CYP2D6,rs3892097,NA17205,C/C
CYP2D6.4_g.1846G>A,C__27102431_D0,CYP2D6,rs3892097,NA17206,C/T
CYP2D6.4_g.1846G>A,C__27102431_D0,CYP2D6,rs3892097,NA17207,C/C
CYP2D6.4_g.1846G>A,C__27102431_D0,CYP2D6,rs3892097,NA17209,C/T
CYP2D6.4_g.1846G>A,C__27102431_D0,CYP2D6,rs3892097,NA17210,C/T
CYP2D6.4_g.1846G>A,C__27102431_D0,CYP2D6,rs3892097,NA17211,C/T
CYP2D6.4_g.1846G>A,C__27102431_D0,CYP2D6,rs3892097,NA17216,C/C
CYP2D6.4_g.1846G>A,C__27102431_D0,CYP2D6,rs3892097,NA17217,C/C
CYP2D6.4_g.1846G>A,C__27102431_D0,CYP2D6,rs3892097,NA17221,C/C
CYP2D6.4_g.1846G>A,C__27102431_D0,CYP2D6,rs3892097,NA17223,C/C
CYP2D6.4_g.1846G>A,C__27102431_D0,CYP2D6,rs3892097,NA17225,T/T
CYP2D6.4_g.1846G>A,C__27102431_D0,CYP2D6,rs3892097,NA17227,C/C
CYP2D6.4_g.1846G>A,C__27102431_D0,CYP2D6,rs3892097,NA17232,C/C
CYP2D6.4_g.1846G>A,C__27102431_D0,CYP2D6,rs3892097,NA17237,C/T
CYP2D6.4_g.1846G>A,C__27102431_D0,CYP2D6,rs3892097,NA17239,C/T
CYP2D6.4_g.1846G>A,C__27102431_D0,CYP2D6,rs3892097,NA17242,C/C
CYP2D6.4_g.1846G>A,C__27102431_D0,CYP2D6,rs3892097,NA17245,C/T
CYP2D6.4_g.1846G>A,C__27102431_D0,CYP2D6,rs3892097,NA17247,C/C
CYP2D6.4_g.1846G>A,C__27102431_D0,CYP2D6,rs3892097,NA17254,C/T
CYP2D6.4_g.1846G>A,C__27102431_D0,CYP2D6,rs3892097,NA17258,C/C
CYP2D6.4_g.1846G>A,C__27102431_D0,CYP2D6,rs3892097,NA17259,C/T
CYP2D6.4_g.1846G>A,C__27102431_D0,CYP2D6,rs3892097,NTC,N/A
CYP2D6.4_g.1846G>A,C__27102431_D0,CYP2D6,rs3892097,NTC,N/A
CYP2D6.4_g.1846G>A,C__27102431_D0,CYP2D6,rs3892097,NTC,N/A
CYP2D6.4_g.1846G>A,C__27102431_D0,CYP2D6,rs3892097,NTC,N/A
CYP2C9.3.18_c.1075A>C,C__27104892_10,CYP2C9,rs1057910,NA14476,A/A
CYP2C9.3.18_c.1075A>C,C__27104892_10,CYP2C9,rs1057910,NA17104,A/A
CYP2C9.3.18_c.1075A>C,C__27104892_10,CYP2C9,rs1057910,NA17105,A/A
CYP2C9.3.18_c.1075A>C,C__27104892_10,CYP2C9,rs1057910,NA17109,A/A
CYP2C9.3.18_c.1075A>C,C__27104892_10,CYP2C9,rs1057910,NA17112,A/A
CYP2C9.3.18_c.1075A>C,C__27104892_10,CYP2C9,rs1057910,NA17114,A/A
CYP2C9.3.18_c.1075A>C,C__27104892_10,CYP2C9,rs1057910,NA17117,A/A
CYP2C9.3.18_c.1075A>C,C__27104892_10,CYP2C9,rs1057910,NA17118,A/A
CYP2C9.3.18_c.1075A>C,C__27104892_10,CYP2C9,rs1057910,NA17120,A/A
CYP2C9.3.18_c.1075A>C,C__27104892_10,CYP2C9,rs1057910,NA17125,A/A
CYP2C9.3.18_c.1075A>C,C__27104892_10,CYP2C9,rs1057910,NA17126,A/A
CYP2C9.3.18_c.1075A>C,C__27104892_10,CYP2C9,rs1057910,NA17128,A/A
CYP2C9.3.18_c.1075A>C,C__27104892_10,CYP2C9,rs1057910,NA17130,C/A
CYP2C9.3.18_c.1075A>C,C__27104892_10,CYP2C9,rs1057910,NA17132,A/A
CYP2C9.3.18_c.1075A>C,C__27104892_10,CYP2C9,rs1057910,NA17137,A/A
CYP2C9.3.18_c.1075A>C,C__27104892_10,CYP2C9,rs1057910,NA17139,A/A
CYP2C9.3.18_c.1075A>C,C__27104892_10,CYP2C9,rs1057910,NA17144,A/A
CYP2C9.3.18_c.1075A>C,C__27104892_10,CYP2C9,rs1057910,NA17148,A/A
CYP2C9.3.18_c.1075A>C,C__27104892_10,CYP2C9,rs1057910,NA17155,A/A
CYP2C9.3.18_c.1075A>C,C__27104892_10,CYP2C9,rs1057910,NA17205,A/A
CYP2C9.3.18_c.1075A>C,C__27104892_10,CYP2C9,rs1057910,NA17206,C/A
CYP2C9.3.18_c.1075A>C,C__27104892_10,CYP2C9,rs1057910,NA17207,A/A
CYP2C9.3.18_c.1075A>C,C__27104892_10,CYP2C9,rs1057910,NA17209,A/A
CYP2C9.3.18_c.1075A>C,C__27104892_10,CYP2C9,rs1057910,NA17210,A/A
CYP2C9.3.18_c.1075A>C,C__27104892_10,CYP2C9,rs1057910,NA17211,C/A
CYP2C9.3.18_c.1075A>C,C__27104892_10,CYP2C9,rs1057910,NA17216,A/A
CYP2C9.3.18_c.1075A>C,C__27104892_10,CYP2C9,rs1057910,NA17217,A/A
CYP2C9.3.18_c.1075A>C,C__27104892_10,CYP2C9,rs1057910,NA17221,C/A
CYP2C9.3.18_c.1075A>C,C__27104892_10,CYP2C9,rs1057910,NA17223,A/A
CYP2C9.3.18_c.1075A>C,C__27104892_10,CYP2C9,rs1057910,NA17225,A/A
CYP2C9.3.18_c.1075A>C,C__27104892_10,CYP2C9,rs1057910,NA17227,A/A
CYP2C9.3.18_c.1075A>C,C__27104892_10,CYP2C9,rs1057910,NA17232,A/A
CYP2C9.3.18_c.1075A>C,C__27104892_10,CYP2C9,rs1057910,NA17237,A/A
CYP2C9.3.18_c.1075A>C,C__27104892_10,CYP2C9,rs1057910,NA17239,A/A
CYP2C9.3.18_c.1075A>C,C__27104892_10,CYP2C9,rs1057910,NA17242,A/A
CYP2C9.3.18_c.1075A>C,C__27104892_10,CYP2C9,rs1057910,NA17245,A/A
CYP2C9.3.18_c.1075A>C,C__27104892_10,CYP2C9,rs1057910,NA17247,C/C
CYP2C9.3.18_c.1075A>C,C__27104892_10,CYP2C9,rs1057910,NA17254,C/A
CYP2C9.3.18_c.1075A>C,C__27104892_10,CYP2C9,rs1057910,NA17258,A/A
CYP2C9.3.18_c.1075A>C,C__27104892_10,CYP2C9,rs1057910,NA17259,C/A
CYP2C9.3.18_c.1075A>C,C__27104892_10,CYP2C9,rs1057910,NTC,N/A
CYP2C9.3.18_c.1075A>C,C__27104892_10,CYP2C9,rs1057910,NTC,N/A
CYP2C9.3.18_c.1075A>C,C__27104892_10,CYP2C9,rs1057910,NTC,N/A
CYP2C9.3.18_c.1075A>C,C__27104892_10,CYP2C9,rs1057910,NTC,N/A
CYP2C19.6_c.395G>A,C__27531918_10,CYP2C19,rs72552267,NA14476,G/G
CYP2C19.6_c.395G>A,C__27531918_10,CYP2C19,rs72552267,NA17104,G/G
CYP2C19.6_c.395G>A,C__27531918_10,CYP2C19,rs72552267,NA17105,G/G
CYP2C19.6_c.395G>A,C__27531918_10,CYP2C19,rs72552267,NA17109,G/G
CYP2C19.6_c.395G>A,C__27531918_10,CYP2C19,rs72552267,NA17112,G/G
CYP2C19.6_c.395G>A,C__27531918_10,CYP2C19,rs72552267,NA17114,G/G
CYP2C19.6_c.395G>A,C__27531918_10,CYP2C19,rs72552267,NA17117,G/G
CYP2C19.6_c.395G>A,C__27531918_10,CYP2C19,rs72552267,NA17118,G/G
CYP2C19.6_c.395G>A,C__27531918_10,CYP2C19,rs72552267,NA17120,G/G
CYP2C19.6_c.395G>A,C__27531918_10,CYP2C19,rs72552267,NA17125,G/G
CYP2C19.6_c.395G>A,C__27531918_10,CYP2C19,rs72552267,NA17126,G/G
CYP2C19.6_c.395G>A,C__27531918_10,CYP2C19,rs72552267,NA17128,G/G
CYP2C19.6_c.395G>A,C__27531918_10,CYP2C19,rs72552267,NA17130,G/G
CYP2C19.6_c.395G>A,C__27531918_10,CYP2C19,rs72552267,NA17132,G/G
CYP2C19.6_c.395G>A,C__27531918_10,CYP2C19,rs72552267,NA17137,G/G
CYP2C19.6_c.395G>A,C__27531918_10,CYP2C19,rs72552267,NA17139,G/G
CYP2C19.6_c.395G>A,C__27531918_10,CYP2C19,rs72552267,NA17144,G/G
CYP2C19.6_c.395G>A,C__27531918_10,CYP2C19,rs72552267,NA17148,G/G
CYP2C19.6_c.395G>A,C__27531918_10,CYP2C19,rs72552267,NA17155,G/G
CYP2C19.6_c.395G>A,C__27531918_10,CYP2C19,rs72552267,NA17205,G/G
CYP2C19.6_c.395G>A,C__27531918_10,CYP2C19,rs72552267,NA17206,G/G
CYP2C19.6_c.395G>A,C__27531918_10,CYP2C19,rs72552267,NA17207,G/G
CYP2C19.6_c.395G>A,C__27531918_10,CYP2C19,rs72552267,NA17209,G/G
CYP2C19.6_c.395G>A,C__27531918_10,CYP2C19,rs72552267,NA17210,G/G
CYP2C19.6_c.395G>A,C__27531918_10,CYP2C19,rs72552267,NA17211,G/G
CYP2C19.6_c.395G>A,C__27531918_10,CYP2C19,rs72552267,NA17216,G/G
CYP2C19.6_c.395G>A,C__27531918_10,CYP2C19,rs72552267,NA17217,G/G
CYP2C19.6_c.395G>A,C__27531918_10,CYP2C19,rs72552267,NA17221,G/G
CYP2C19.6_c.395G>A,C__27531918_10,CYP2C19,rs72552267,NA17223,G/G
CYP2C19.6_c.395G>A,C__27531918_10,CYP2C19,rs72552267,NA17225,G/G
CYP2C19.6_c.395G>A,C__27531918_10,CYP2C19,rs72552267,NA17227,G/G
CYP2C19.6_c.395G>A,C__27531918_10,CYP2C19,rs72552267,NA17232,G/G
CYP2C19.6_c.395G>A,C__27531918_10,CYP2C19,rs72552267,NA17237,G/G
CYP2C19.6_c.395G>A,C__27531918_10,CYP2C19,rs72552267,NA17239,G/G
CYP2C19.6_c.395G>A,C__27531918_10,CYP2C19,rs72552267,NA17242,G/G
CYP2C19.6_c.395G>A,C__27531918_10,CYP2C19,rs72552267,NA17245,G/G
CYP2C19.6_c.395G>A,C__27531918_10,CYP2C19,rs72552267,NA17247,G/G
CYP2C19.6_c.395G>A,C__27531918_10,CYP2C19,rs72552267,NA17254,G/G
CYP2C19.6_c.395G>A,C__27531918_10,CYP2C19,rs72552267,NA17258,G/G
CYP2C19.6_c.395G>A,C__27531918_10,CYP2C19,rs72552267,NA17259,G/G
CYP2C19.6_c.395G>A,C__27531918_10,CYP2C19,rs72552267,NTC,N/A
CYP2C19.6_c.395G>A,C__27531918_10,CYP2C19,rs72552267,NTC,N/A
CYP2C19.6_c.395G>A,C__27531918_10,CYP2C19,rs72552267,NTC,N/A
CYP2C19.6_c.395G>A,C__27531918_10,CYP2C19,rs72552267,NTC,N/A
CYP2C9.5_c.1080C>G,C__27859817_40,CYP2C9,rs28371686,NA14476,C/G
CYP2C9.5_c.1080C>G,C__27859817_40,CYP2C9,rs28371686,NA17104,C/C
CYP2C9.5_c.1080C>G,C__27859817_40,CYP2C9,rs28371686,NA17105,C/C
CYP2C9.5_c.1080C>G,C__27859817_40,CYP2C9,rs28371686,NA17109,C/C
CYP2C9.5_c.1080C>G,C__27859817_40,CYP2C9,rs28371686,NA17112,C/C
CYP2C9.5_c.1080C>G,C__27859817_40,CYP2C9,rs28371686,NA17114,C/C
CYP2C9.5_c.1080C>G,C__27859817_40,CYP2C9,rs28371686,NA17117,C/C
CYP2C9.5_c.1080C>G,C__27859817_40,CYP2C9,rs28371686,NA17118,C/C
CYP2C9.5_c.1080C>G,C__27859817_40,CYP2C9,rs28371686,NA17120,C/C
CYP2C9.5_c.1080C>G,C__27859817_40,CYP2C9,rs28371686,NA17125,C/C
CYP2C9.5_c.1080C>G,C__27859817_40,CYP2C9,rs28371686,NA17126,C/C
CYP2C9.5_c.1080C>G,C__27859817_40,CYP2C9,rs28371686,NA17128,C/C
CYP2C9.5_c.1080C>G,C__27859817_40,CYP2C9,rs28371686,NA17130,C/C
CYP2C9.5_c.1080C>G,C__27859817_40,CYP2C9,rs28371686,NA17132,C/C
CYP2C9.5_c.1080C>G,C__27859817_40,CYP2C9,rs28371686,NA17137,C/C
CYP2C9.5_c.1080C>G,C__27859817_40,CYP2C9,rs28371686,NA17139,C/C
CYP2C9.5_c.1080C>G,C__27859817_40,CYP2C9,rs28371686,NA17144,C/G
CYP2C9.5_c.1080C>G,C__27859817_40,CYP2C9,rs28371686,NA17148,C/C
CYP2C9.5_c.1080C>G,C__27859817_40,CYP2C9,rs28371686,NA17155,C/C
CYP2C9.5_c.1080C>G,C__27859817_40,CYP2C9,rs28371686,NA17205,C/C
CYP2C9.5_c.1080C>G,C__27859817_40,CYP2C9,rs28371686,NA17206,C/C
CYP2C9.5_c.1080C>G,C__27859817_40,CYP2C9,rs28371686,NA17207,C/C
CYP2C9.5_c.1080C>G,C__27859817_40,CYP2C9,rs28371686,NA17209,C/C
CYP2C9.5_c.1080C>G,C__27859817_40,CYP2C9,rs28371686,NA17210,C/C
CYP2C9.5_c.1080C>G,C__27859817_40,CYP2C9,rs28371686,NA17211,C/C
CYP2C9.5_c.1080C>G,C__27859817_40,CYP2C9,rs28371686,NA17216,C/C
CYP2C9.5_c.1080C>G,C__27859817_40,CYP2C9,rs28371686,NA17217,C/C
CYP2C9.5_c.1080C>G,C__27859817_40,CYP2C9,rs28371686,NA17221,C/C
CYP2C9.5_c.1080C>G,C__27859817_40,CYP2C9,rs28371686,NA17223,C/C
CYP2C9.5_c.1080C>G,C__27859817_40,CYP2C9,rs28371686,NA17225,C/C
CYP2C9.5_c.1080C>G,C__27859817_40,CYP2C9,rs28371686,NA17227,C/C
CYP2C9.5_c.1080C>G,C__27859817_40,CYP2C9,rs28371686,NA17232,C/C
CYP2C9.5_c.1080C>G,C__27859817_40,CYP2C9,rs28371686,NA17237,C/C
CYP2C9.5_c.1080C>G,C__27859817_40,CYP2C9,rs28371686,NA17239,C/C
CYP2C9.5_c.1080C>G,C__27859817_40,CYP2C9,rs28371686,NA17242,C/C
CYP2C9.5_c.1080C>G,C__27859817_40,CYP2C9,rs28371686,NA17245,C/C
CYP2C9.5_c.1080C>G,C__27859817_40,CYP2C9,rs28371686,NA17247,C/C
CYP2C9.5_c.1080C>G,C__27859817_40,CYP2C9,rs28371686,NA17254,C/C
CYP2C9.5_c.1080C>G,C__27859817_40,CYP2C9,rs28371686,NA17258,C/C
CYP2C9.5_c.1080C>G,C__27859817_40,CYP2C9,rs28371686,NA17259,C/C
CYP2C9.5_c.1080C>G,C__27859817_40,CYP2C9,rs28371686,NTC,N/A
CYP2C9.5_c.1080C>G,C__27859817_40,CYP2C9,rs28371686,NTC,N/A
CYP2C9.5_c.1080C>G,C__27859817_40,CYP2C9,rs28371686,NTC,N/A
CYP2C9.5_c.1080C>G,C__27859817_40,CYP2C9,rs28371686,NTC,N/A
CYP2C19.3_c.636G>A,C__27861809_10,CYP2C19,rs4986893,NA14476,G/G
CYP2C19.3_c.636G>A,C__27861809_10,CYP2C19,rs4986893,NA17104,G/G
CYP2C19.3_c.636G>A,C__27861809_10,CYP2C19,rs4986893,NA17105,G/G
CYP2C19.3_c.636G>A,C__27861809_10,CYP2C19,rs4986893,NA17109,G/G
CYP2C19.3_c.636G>A,C__27861809_10,CYP2C19,rs4986893,NA17112,G/G
CYP2C19.3_c.636G>A,C__27861809_10,CYP2C19,rs4986893,NA17114,G/G
CYP2C19.3_c.636G>A,C__27861809_10,CYP2C19,rs4986893,NA17117,G/G
CYP2C19.3_c.636G>A,C__27861809_10,CYP2C19,rs4986893,NA17118,G/G
CYP2C19.3_c.636G>A,C__27861809_10,CYP2C19,rs4986893,NA17120,G/G
CYP2C19.3_c.636G>A,C__27861809_10,CYP2C19,rs4986893,NA17125,G/G
CYP2C19.3_c.636G>A,C__27861809_10,CYP2C19,rs4986893,NA17126,G/G
CYP2C19.3_c.636G>A,C__27861809_10,CYP2C19,rs4986893,NA17128,G/G
CYP2C19.3_c.636G>A,C__27861809_10,CYP2C19,rs4986893,NA17130,G/G
CYP2C19.3_c.636G>A,C__27861809_10,CYP2C19,rs4986893,NA17132,G/G
CYP2C19.3_c.636G>A,C__27861809_10,CYP2C19,rs4986893,NA17137,G/G
CYP2C19.3_c.636G>A,C__27861809_10,CYP2C19,rs4986893,NA17139,G/G
CYP2C19.3_c.636G>A,C__27861809_10,CYP2C19,rs4986893,NA17144,G/G
CYP2C19.3_c.636G>A,C__27861809_10,CYP2C19,rs4986893,NA17148,G/G
CYP2C19.3_c.636G>A,C__27861809_10,CYP2C19,rs4986893,NA17155,G/G
CYP2C19.3_c.636G>A,C__27861809_10,CYP2C19,rs4986893,NA17205,G/G
CYP2C19.3_c.636G>A,C__27861809_10,CYP2C19,rs4986893,NA17206,G/G
CYP2C19.3_c.636G>A,C__27861809_10,CYP2C19,rs4986893,NA17207,G/G
CYP2C19.3_c.636G>A,C__27861809_10,CYP2C19,rs4986893,NA17209,G/G
CYP2C19.3_c.636G>A,C__27861809_10,CYP2C19,rs4986893,NA17210,G/G
CYP2C19.3_c.636G>A,C__27861809_10,CYP2C19,rs4986893,NA17211,G/G
CYP2C19.3_c.636G>A,C__27861809_10,CYP2C19,rs4986893,NA17216,G/G
CYP2C19.3_c.636G>A,C__27861809_10,CYP2C19,rs4986893,NA17217,G/G
CYP2C19.3_c.636G>A,C__27861809_10,CYP2C19,rs4986893,NA17221,G/G
CYP2C19.3_c.636G>A,C__27861809_10,CYP2C19,rs4986893,NA17223,G/G
CYP2C19.3_c.636G>A,C__27861809_10,CYP2C19,rs4986893,NA17225,G/G
CYP2C19.3_c.636G>A,C__27861809_10,CYP2C19,rs4986893,NA17227,G/G
CYP2C19.3_c.636G>A,C__27861809_10,CYP2C19,rs4986893,NA17232,G/G
CYP2C19.3_c.636G>A,C__27861809_10,CYP2C19,rs4986893,NA17237,G/G
CYP2C19.3_c.636G>A,C__27861809_10,CYP2C19,rs4986893,NA17239,G/G
CYP2C19.3_c.636G>A,C__27861809_10,CYP2C19,rs4986893,NA17242,G/G
CYP2C19.3_c.636G>A,C__27861809_10,CYP2C19,rs4986893,NA17245,G/G
CYP2C19.3_c.636G>A,C__27861809_10,CYP2C19,rs4986893,NA17247,G/G
CYP2C19.3_c.636G>A,C__27861809_10,CYP2C19,rs4986893,NA17254,G/G
CYP2C19.3_c.636G>A,C__27861809_10,CYP2C19,rs4986893,NA17258,G/G
CYP2C19.3_c.636G>A,C__27861809_10,CYP2C19,rs4986893,NA17259,G/G
CYP2C19.3_c.636G>A,C__27861809_10,CYP2C19,rs4986893,NTC,N/A
CYP2C19.3_c.636G>A,C__27861809_10,CYP2C19,rs4986893,NTC,N/A
CYP2C19.3_c.636G>A,C__27861809_10,CYP2C19,rs4986893,NTC,N/A
CYP2C19.3_c.636G>A,C__27861809_10,CYP2C19,rs4986893,NTC,N/A
CYP2C19.5_c.1297C>T,C__27861810_10,CYP2C19,rs56337013,NA14476,C/C
CYP2C19.5_c.1297C>T,C__27861810_10,CYP2C19,rs56337013,NA17104,C/C
CYP2C19.5_c.1297C>T,C__27861810_10,CYP2C19,rs56337013,NA17105,C/C
CYP2C19.5_c.1297C>T,C__27861810_10,CYP2C19,rs56337013,NA17109,C/C
CYP2C19.5_c.1297C>T,C__27861810_10,CYP2C19,rs56337013,NA17112,C/C
CYP2C19.5_c.1297C>T,C__27861810_10,CYP2C19,rs56337013,NA17114,C/C
CYP2C19.5_c.1297C>T,C__27861810_10,CYP2C19,rs56337013,NA17117,C/C
CYP2C19.5_c.1297C>T,C__27861810_10,CYP2C19,rs56337013,NA17118,C/C
CYP2C19.5_c.1297C>T,C__27861810_10,CYP2C19,rs56337013,NA17120,C/C
CYP2C19.5_c.1297C>T,C__27861810_10,CYP2C19,rs56337013,NA17125,C/C
CYP2C19.5_c.1297C>T,C__27861810_10,CYP2C19,rs56337013,NA17126,C/C
CYP2C19.5_c.1297C>T,C__27861810_10,CYP2C19,rs56337013,NA17128,C/C
CYP2C19.5_c.1297C>T,C__27861810_10,CYP2C19,rs56337013,NA17130,C/C
CYP2C19.5_c.1297C>T,C__27861810_10,CYP2C19,rs56337013,NA17132,C/C
CYP2C19.5_c.1297C>T,C__27861810_10,CYP2C19,rs56337013,NA17137,C/C
CYP2C19.5_c.1297C>T,C__27861810_10,CYP2C19,rs56337013,NA17139,C/C
CYP2C19.5_c.1297C>T,C__27861810_10,CYP2C19,rs56337013,NA17144,C/C
CYP2C19.5_c.1297C>T,C__27861810_10,CYP2C19,rs56337013,NA17148,C/C
CYP2C19.5_c.1297C>T,C__27861810_10,CYP2C19,rs56337013,NA17155,C/C
CYP2C19.5_c.1297C>T,C__27861810_10,CYP2C19,rs56337013,NA17205,C/C
CYP2C19.5_c.1297C>T,C__27861810_10,CYP2C19,rs56337013,NA17206,C/C
CYP2C19.5_c.1297C>T,C__27861810_10,CYP2C19,rs56337013,NA17207,C/C
CYP2C19.5_c.1297C>T,C__27861810_10,CYP2C19,rs56337013,NA17209,C/C
CYP2C19.5_c.1297C>T,C__27861810_10,CYP2C19,rs56337013,NA17210,C/C
CYP2C19.5_c.1297C>T,C__27861810_10,CYP2C19,rs56337013,NA17211,C/C
CYP2C19.5_c.1297C>T,C__27861810_10,CYP2C19,rs56337013,NA17216,C/C
CYP2C19.5_c.1297C>T,C__27861810_10,CYP2C19,rs56337013,NA17217,C/C
CYP2C19.5_c.1297C>T,C__27861810_10,CYP2C19,rs56337013,NA17221,C/C
CYP2C19.5_c.1297C>T,C__27861810_10,CYP2C19,rs56337013,NA17223,C/C
CYP2C19.5_c.1297C>T,C__27861810_10,CYP2C19,rs56337013,NA17225,C/C
CYP2C19.5_c.1297C>T,C__27861810_10,CYP2C19,rs56337013,NA17227,C/C
CYP2C19.5_c.1297C>T,C__27861810_10,CYP2C19,rs56337013,NA17232,C/C
CYP2C19.5_c.1297C>T,C__27861810_10,CYP2C19,rs56337013,NA17237,C/C
CYP2C19.5_c.1297C>T,C__27861810_10,CYP2C19,rs56337013,NA17239,C/C
CYP2C19.5_c.1297C>T,C__27861810_10,CYP2C19,rs56337013,NA17242,C/C
CYP2C19.5_c.1297C>T,C__27861810_10,CYP2C19,rs56337013,NA17245,C/C
CYP2C19.5_c.1297C>T,C__27861810_10,CYP2C19,rs56337013,NA17247,C/C
CYP2C19.5_c.1297C>T,C__27861810_10,CYP2C19,rs56337013,NA17254,C/C
CYP2C19.5_c.1297C>T,C__27861810_10,CYP2C19,rs56337013,NA17258,C/C
CYP2C19.5_c.1297C>T,C__27861810_10,CYP2C19,rs56337013,NA17259,C/C
CYP2C19.5_c.1297C>T,C__27861810_10,CYP2C19,rs56337013,NTC,N/A
CYP2C19.5_c.1297C>T,C__27861810_10,CYP2C19,rs56337013,NTC,N/A
CYP2C19.5_c.1297C>T,C__27861810_10,CYP2C19,rs56337013,NTC,N/A
CYP2C19.5_c.1297C>T,C__27861810_10,CYP2C19,rs56337013,NTC,N/A
CYP2D6.11_g.883G>C,C__30634118_A0,CYP2D6,,NA14476,C/C
CYP2D6.11_g.883G>C,C__30634118_A0,CYP2D6,,NA17104,C/C
CYP2D6.11_g.883G>C,C__30634118_A0,CYP2D6,,NA17105,C/C
CYP2D6.11_g.883G>C,C__30634118_A0,CYP2D6,,NA17109,C/C
CYP2D6.11_g.883G>C,C__30634118_A0,CYP2D6,,NA17112,C/C
CYP2D6.11_g.883G>C,C__30634118_A0,CYP2D6,,NA17114,C/C
CYP2D6.11_g.883G>C,C__30634118_A0,CYP2D6,,NA17117,C/C
CYP2D6.11_g.883G>C,C__30634118_A0,CYP2D6,,NA17118,C/C
CYP2D6.11_g.883G>C,C__30634118_A0,CYP2D6,,NA17120,C/C
CYP2D6.11_g.883G>C,C__30634118_A0,CYP2D6,,NA17125,C/C
CYP2D6.11_g.883G>C,C__30634118_A0,CYP2D6,,NA17126,C/C
CYP2D6.11_g.883G>C,C__30634118_A0,CYP2D6,,NA17128,C/C
CYP2D6.11_g.883G>C,C__30634118_A0,CYP2D6,,NA17130,C/C
CYP2D6.11_g.883G>C,C__30634118_A0,CYP2D6,,NA17132,C/C
CYP2D6.11_g.883G>C,C__30634118_A0,CYP2D6,,NA17137,C/C
CYP2D6.11_g.883G>C,C__30634118_A0,CYP2D6,,NA17139,C/C
CYP2D6.11_g.883G>C,C__30634118_A0,CYP2D6,,NA17144,C/C
CYP2D6.11_g.883G>C,C__30634118_A0,CYP2D6,,NA17148,C/C
CYP2D6.11_g.883G>C,C__30634118_A0,CYP2D6,,NA17155,C/C
CYP2D6.11_g.883G>C,C__30634118_A0,CYP2D6,,NA17205,C/C
CYP2D6.11_g.883G>C,C__30634118_A0,CYP2D6,,NA17206,C/C
CYP2D6.11_g.883G>C,C__30634118_A0,CYP2D6,,NA17207,C/C
CYP2D6.11_g.883G>C,C__30634118_A0,CYP2D6,,NA17209,C/C
CYP2D6.11_g.883G>C,C__30634118_A0,CYP2D6,,NA17210,C/C
CYP2D6.11_g.883G>C,C__30634118_A0,CYP2D6,,NA17211,C/C
CYP2D6.11_g.883G>C,C__30634118_A0,CYP2D6,,NA17216,C/C
CYP2D6.11_g.883G>C,C__30634118_A0,CYP2D6,,NA17217,C/C
CYP2D6.11_g.883G>C,C__30634118_A0,CYP2D6,,NA17221,C/C
CYP2D6.11_g.883G>C,C__30634118_A0,CYP2D6,,NA17223,C/C
CYP2D6.11_g.883G>C,C__30634118_A0,CYP2D6,,NA17225,C/C
CYP2D6.11_g.883G>C,C__30634118_A0,CYP2D6,,NA17227,C/C
CYP2D6.11_g.883G>C,C__30634118_A0,CYP2D6,,NA17232,C/C
CYP2D6.11_g.883G>C,C__30634118_A0,CYP2D6,,NA17237,C/C
CYP2D6.11_g.883G>C,C__30634118_A0,CYP2D6,,NA17239,C/C
CYP2D6.11_g.883G>C,C__30634118_A0,CYP2D6,,NA17242,C/C
CYP2D6.11_g.883G>C,C__30634118_A0,CYP2D6,,NA17245,C/C
CYP2D6.11_g.883G>C,C__30634118_A0,CYP2D6,,NA17247,C/C
CYP2D6.11_g.883G>C,C__30634118_A0,CYP2D6,,NA17254,C/C
CYP2D6.11_g.883G>C,C__30634118_A0,CYP2D6,,NA17258,C/C
CYP2D6.11_g.883G>C,C__30634118_A0,CYP2D6,,NA17259,C/C
CYP2D6.11_g.883G>C,C__30634118_A0,CYP2D6,,NTC,N/A
CYP2D6.11_g.883G>C,C__30634118_A0,CYP2D6,,NTC,N/A
CYP2D6.11_g.883G>C,C__30634118_A0,CYP2D6,,NTC,N/A
CYP2D6.11_g.883G>C,C__30634118_A0,CYP2D6,,NTC,N/A
CYP2C9.12_c.1465C>T,C__30634125_20,CYP2C9,rs9332239,NA14476,C/C
CYP2C9.12_c.1465C>T,C__30634125_20,CYP2C9,rs9332239,NA17104,C/C
CYP2C9.12_c.1465C>T,C__30634125_20,CYP2C9,rs9332239,NA17105,C/C
CYP2C9.12_c.1465C>T,C__30634125_20,CYP2C9,rs9332239,NA17109,C/C
CYP2C9.12_c.1465C>T,C__30634125_20,CYP2C9,rs9332239,NA17112,C/C
CYP2C9.12_c.1465C>T,C__30634125_20,CYP2C9,rs9332239,NA17114,C/C
CYP2C9.12_c.1465C>T,C__30634125_20,CYP2C9,rs9332239,NA17117,C/C
CYP2C9.12_c.1465C>T,C__30634125_20,CYP2C9,rs9332239,NA17118,C/C
CYP2C9.12_c.1465C>T,C__30634125_20,CYP2C9,rs9332239,NA17120,C/C
CYP2C9.12_c.1465C>T,C__30634125_20,CYP2C9,rs9332239,NA17125,C/C
CYP2C9.12_c.1465C>T,C__30634125_20,CYP2C9,rs9332239,NA17126,C/C
CYP2C9.12_c.1465C>T,C__30634125_20,CYP2C9,rs9332239,NA17128,C/C
CYP2C9.12_c.1465C>T,C__30634125_20,CYP2C9,rs9332239,NA17130,C/C
CYP2C9.12_c.1465C>T,C__30634125_20,CYP2C9,rs9332239,NA17132,C/C
CYP2C9.12_c.1465C>T,C__30634125_20,CYP2C9,rs9332239,NA17137,C/C
CYP2C9.12_c.1465C>T,C__30634125_20,CYP2C9,rs9332239,NA17139,C/C
CYP2C9.12_c.1465C>T,C__30634125_20,CYP2C9,rs9332239,NA17144,C/C
CYP2C9.12_c.1465C>T,C__30634125_20,CYP2C9,rs9332239,NA17148,C/C
CYP2C9.12_c.1465C>T,C__30634125_20,CYP2C9,rs9332239,NA17155,C/C
CYP2C9.12_c.1465C>T,C__30634125_20,CYP2C9,rs9332239,NA17205,C/C
CYP2C9.12_c.1465C>T,C__30634125_20,CYP2C9,rs9332239,NA17206,C/C
CYP2C9.12_c.1465C>T,C__30634125_20,CYP2C9,rs9332239,NA17207,C/C
CYP2C9.12_c.1465C>T,C__30634125_20,CYP2C9,rs9332239,NA17209,C/C
CYP2C9.12_c.1465C>T,C__30634125_20,CYP2C9,rs9332239,NA17210,C/C
CYP2C9.12_c.1465C>T,C__30634125_20,CYP2C9,rs9332239,NA17211,C/C
CYP2C9.12_c.1465C>T,C__30634125_20,CYP2C9,rs9332239,NA17216,C/C
CYP2C9.12_c.1465C>T,C__30634125_20,CYP2C9,rs9332239,NA17217,C/C
CYP2C9.12_c.1465C>T,C__30634125_20,CYP2C9,rs9332239,NA17221,C/C
CYP2C9.12_c.1465C>T,C__30634125_20,CYP2C9,rs9332239,NA17223,C/C
CYP2C9.12_c.1465C>T,C__30634125_20,CYP2C9,rs9332239,NA17225,C/C
CYP2C9.12_c.1465C>T,C__30634125_20,CYP2C9,rs9332239,NA17227,C/C
CYP2C9.12_c.1465C>T,C__30634125_20,CYP2C9,rs9332239,NA17232,C/C
CYP2C9.12_c.1465C>T,C__30634125_20,CYP2C9,rs9332239,NA17237,C/C
CYP2C9.12_c.1465C>T,C__30634125_20,CYP2C9,rs9332239,NA17239,C/C
CYP2C9.12_c.1465C>T,C__30634125_20,CYP2C9,rs9332239,NA17242,C/C
CYP2C9.12_c.1465C>T,C__30634125_20,CYP2C9,rs9332239,NA17245,C/C
CYP2C9.12_c.1465C>T,C__30634125_20,CYP2C9,rs9332239,NA17247,C/C
CYP2C9.12_c.1465C>T,C__30634125_20,CYP2C9,rs9332239,NA17254,C/C
CYP2C9.12_c.1465C>T,C__30634125_20,CYP2C9,rs9332239,NA17258,C/C
CYP2C9.12_c.1465C>T,C__30634125_20,CYP2C9,rs9332239,NA17259,C/C
CYP2C9.12_c.1465C>T,C__30634125_20,CYP2C9,rs9332239,NTC,N/A
CYP2C9.12_c.1465C>T,C__30634125_20,CYP2C9,rs9332239,NTC,N/A
CYP2C9.12_c.1465C>T,C__30634125_20,CYP2C9,rs9332239,NTC,N/A
CYP2C9.12_c.1465C>T,C__30634125_20,CYP2C9,rs9332239,NTC,N/A
CYP2C19.7_g.19294T>A,C__30634127_10,CYP2C19,rs72558186,NA14476,T/T
CYP2C19.7_g.19294T>A,C__30634127_10,CYP2C19,rs72558186,NA17104,T/T
CYP2C19.7_g.19294T>A,C__30634127_10,CYP2C19,rs72558186,NA17105,T/T
CYP2C19.7_g.19294T>A,C__30634127_10,CYP2C19,rs72558186,NA17109,T/T
CYP2C19.7_g.19294T>A,C__30634127_10,CYP2C19,rs72558186,NA17112,T/T
CYP2C19.7_g.19294T>A,C__30634127_10,CYP2C19,rs72558186,NA17114,T/T
CYP2C19.7_g.19294T>A,C__30634127_10,CYP2C19,rs72558186,NA17117,T/T
CYP2C19.7_g.19294T>A,C__30634127_10,CYP2C19,rs72558186,NA17118,T/T
CYP2C19.7_g.19294T>A,C__30634127_10,CYP2C19,rs72558186,NA17120,T/T
CYP2C19.7_g.19294T>A,C__30634127_10,CYP2C19,rs72558186,NA17125,T/T
CYP2C19.7_g.19294T>A,C__30634127_10,CYP2C19,rs72558186,NA17126,T/T
CYP2C19.7_g.19294T>A,C__30634127_10,CYP2C19,rs72558186,NA17128,T/T
CYP2C19.7_g.19294T>A,C__30634127_10,CYP2C19,rs72558186,NA17130,T/T
CYP2C19.7_g.19294T>A,C__30634127_10,CYP2C19,rs72558186,NA17132,T/T
CYP2C19.7_g.19294T>A,C__30634127_10,CYP2C19,rs72558186,NA17137,T/T
CYP2C19.7_g.19294T>A,C__30634127_10,CYP2C19,rs72558186,NA17139,T/T
CYP2C19.7_g.19294T>A,C__30634127_10,CYP2C19,rs72558186,NA17144,T/T
CYP2C19.7_g.19294T>A,C__30634127_10,CYP2C19,rs72558186,NA17148,T/T
CYP2C19.7_g.19294T>A,C__30634127_10,CYP2C19,rs72558186,NA17155,T/T
CYP2C19.7_g.19294T>A,C__30634127_10,CYP2C19,rs72558186,NA17205,T/T
CYP2C19.7_g.19294T>A,C__30634127_10,CYP2C19,rs72558186,NA17206,T/T
CYP2C19.7_g.19294T>A,C__30634127_10,CYP2C19,rs72558186,NA17207,T/T
CYP2C19.7_g.19294T>A,C__30634127_10,CYP2C19,rs72558186,NA17209,T/T
CYP2C19.7_g.19294T>A,C__30634127_10,CYP2C19,rs72558186,NA17210,T/T
CYP2C19.7_g.19294T>A,C__30634127_10,CYP2C19,rs72558186,NA17211,T/T
CYP2C19.7_g.19294T>A,C__30634127_10,CYP2C19,rs72558186,NA17216,T/T
CYP2C19.7_g.19294T>A,C__30634127_10,CYP2C19,rs72558186,NA17217,T/T
CYP2C19.7_g.19294T>A,C__30634127_10,CYP2C19,rs72558186,NA17221,T/T
CYP2C19.7_g.19294T>A,C__30634127_10,CYP2C19,rs72558186,NA17223,T/T
CYP2C19.7_g.19294T>A,C__30634127_10,CYP2C19,rs72558186,NA17225,T/T
CYP2C19.7_g.19294T>A,C__30634127_10,CYP2C19,rs72558186,NA17227,T/T
CYP2C19.7_g.19294T>A,C__30634127_10,CYP2C19,rs72558186,NA17232,T/T
CYP2C19.7_g.19294T>A,C__30634127_10,CYP2C19,rs72558186,NA17237,T/T
CYP2C19.7_g.19294T>A,C__30634127_10,CYP2C19,rs72558186,NA17239,T/T
CYP2C19.7_g.19294T>A,C__30634127_10,CYP2C19,rs72558186,NA17242,T/T
CYP2C19.7_g.19294T>A,C__30634127_10,CYP2C19,rs72558186,NA17245,T/T
CYP2C19.7_g.19294T>A,C__30634127_10,CYP2C19,rs72558186,NA17247,T/T
CYP2C19.7_g.19294T>A,C__30634127_10,CYP2C19,rs72558186,NA17254,T/T
CYP2C19.7_g.19294T>A,C__30634127_10,CYP2C19,rs72558186,NA17258,T/T
CYP2C19.7_g.19294T>A,C__30634127_10,CYP2C19,rs72558186,NA17259,T/T
CYP2C19.7_g.19294T>A,C__30634127_10,CYP2C19,rs72558186,NTC,N/A
CYP2C19.7_g.19294T>A,C__30634127_10,CYP2C19,rs72558186,NTC,N/A
CYP2C19.7_g.19294T>A,C__30634127_10,CYP2C19,rs72558186,NTC,N/A
CYP2C19.7_g.19294T>A,C__30634127_10,CYP2C19,rs72558186,NTC,N/A
CYP2C19.8_c.358T>C,C__30634130_30,CYP2C19,rs41291556,NA14476,T/T
CYP2C19.8_c.358T>C,C__30634130_30,CYP2C19,rs41291556,NA17104,T/T
CYP2C19.8_c.358T>C,C__30634130_30,CYP2C19,rs41291556,NA17105,T/T
CYP2C19.8_c.358T>C,C__30634130_30,CYP2C19,rs41291556,NA17109,T/T
CYP2C19.8_c.358T>C,C__30634130_30,CYP2C19,rs41291556,NA17112,T/T
CYP2C19.8_c.358T>C,C__30634130_30,CYP2C19,rs41291556,NA17114,T/T
CYP2C19.8_c.358T>C,C__30634130_30,CYP2C19,rs41291556,NA17117,T/T
CYP2C19.8_c.358T>C,C__30634130_30,CYP2C19,rs41291556,NA17118,T/T
CYP2C19.8_c.358T>C,C__30634130_30,CYP2C19,rs41291556,NA17120,T/T
CYP2C19.8_c.358T>C,C__30634130_30,CYP2C19,rs41291556,NA17125,T/T
CYP2C19.8_c.358T>C,C__30634130_30,CYP2C19,rs41291556,NA17126,T/T
CYP2C19.8_c.358T>C,C__30634130_30,CYP2C19,rs41291556,NA17128,T/T
CYP2C19.8_c.358T>C,C__30634130_30,CYP2C19,rs41291556,NA17130,T/T
CYP2C19.8_c.358T>C,C__30634130_30,CYP2C19,rs41291556,NA17132,T/T
CYP2C19.8_c.358T>C,C__30634130_30,CYP2C19,rs41291556,NA17137,T/T
CYP2C19.8_c.358T>C,C__30634130_30,CYP2C19,rs41291556,NA17139,T/T
CYP2C19.8_c.358T>C,C__30634130_30,CYP2C19,rs41291556,NA17144,T/T
CYP2C19.8_c.358T>C,C__30634130_30,CYP2C19,rs41291556,NA17148,T/T
CYP2C19.8_c.358T>C,C__30634130_30,CYP2C19,rs41291556,NA17155,T/T
CYP2C19.8_c.358T>C,C__30634130_30,CYP2C19,rs41291556,NA17205,T/T
CYP2C19.8_c.358T>C,C__30634130_30,CYP2C19,rs41291556,NA17206,T/T
CYP2C19.8_c.358T>C,C__30634130_30,CYP2C19,rs41291556,NA17207,T/T
CYP2C19.8_c.358T>C,C__30634130_30,CYP2C19,rs41291556,NA17209,T/T
CYP2C19.8_c.358T>C,C__30634130_30,CYP2C19,rs41291556,NA17210,T/T
CYP2C19.8_c.358T>C,C__30634130_30,CYP2C19,rs41291556,NA17211,T/T
CYP2C19.8_c.358T>C,C__30634130_30,CYP2C19,rs41291556,NA17216,T/T
CYP2C19.8_c.358T>C,C__30634130_30,CYP2C19,rs41291556,NA17217,T/T
CYP2C19.8_c.358T>C,C__30634130_30,CYP2C19,rs41291556,NA17221,T/T
CYP2C19.8_c.358T>C,C__30634130_30,CYP2C19,rs41291556,NA17223,T/T
CYP2C19.8_c.358T>C,C__30634130_30,CYP2C19,rs41291556,NA17225,T/T
CYP2C19.8_c.358T>C,C__30634130_30,CYP2C19,rs41291556,NA17227,T/T
CYP2C19.8_c.358T>C,C__30634130_30,CYP2C19,rs41291556,NA17232,T/T
CYP2C19.8_c.358T>C,C__30634130_30,CYP2C19,rs41291556,NA17237,T/T
CYP2C19.8_c.358T>C,C__30634130_30,CYP2C19,rs41291556,NA17239,T/T
CYP2C19.8_c.358T>C,C__30634130_30,CYP2C19,rs41291556,NA17242,T/T
CYP2C19.8_c.358T>C,C__30634130_30,CYP2C19,rs41291556,NA17245,T/T
CYP2C19.8_c.358T>C,C__30634130_30,CYP2C19,rs41291556,NA17247,T/T
CYP2C19.8_c.358T>C,C__30634130_30,CYP2C19,rs41291556,NA17254,T/T
CYP2C19.8_c.358T>C,C__30634130_30,CYP2C19,rs41291556,NA17258,T/T
CYP2C19.8_c.358T>C,C__30634130_30,CYP2C19,rs41291556,NA17259,T/T
CYP2C19.8_c.358T>C,C__30634130_30,CYP2C19,rs41291556,NTC,N/A
CYP2C19.8_c.358T>C,C__30634130_30,CYP2C19,rs41291556,NTC,N/A
CYP2C19.8_c.358T>C,C__30634130_30,CYP2C19,rs41291556,NTC,N/A
CYP2C19.8_c.358T>C,C__30634130_30,CYP2C19,rs41291556,NTC,N/A
CYP2C9.11_c.1003C>T,C__30634132_70,CYP2C9,rs28371685,NA14476,C/C
CYP2C9.11_c.1003C>T,C__30634132_70,CYP2C9,rs28371685,NA17104,C/C
CYP2C9.11_c.1003C>T,C__30634132_70,CYP2C9,rs28371685,NA17105,C/C
CYP2C9.11_c.1003C>T,C__30634132_70,CYP2C9,rs28371685,NA17109,C/C
CYP2C9.11_c.1003C>T,C__30634132_70,CYP2C9,rs28371685,NA17112,C/C
CYP2C9.11_c.1003C>T,C__30634132_70,CYP2C9,rs28371685,NA17114,C/C
CYP2C9.11_c.1003C>T,C__30634132_70,CYP2C9,rs28371685,NA17117,C/C
CYP2C9.11_c.1003C>T,C__30634132_70,CYP2C9,rs28371685,NA17118,C/C
CYP2C9.11_c.1003C>T,C__30634132_70,CYP2C9,rs28371685,NA17120,C/C
CYP2C9.11_c.1003C>T,C__30634132_70,CYP2C9,rs28371685,NA17125,C/C
CYP2C9.11_c.1003C>T,C__30634132_70,CYP2C9,rs28371685,NA17126,C/C
CYP2C9.11_c.1003C>T,C__30634132_70,CYP2C9,rs28371685,NA17128,C/C
CYP2C9.11_c.1003C>T,C__30634132_70,CYP2C9,rs28371685,NA17130,C/C
CYP2C9.11_c.1003C>T,C__30634132_70,CYP2C9,rs28371685,NA17132,C/C
CYP2C9.11_c.1003C>T,C__30634132_70,CYP2C9,rs28371685,NA17137,C/C
CYP2C9.11_c.1003C>T,C__30634132_70,CYP2C9,rs28371685,NA17139,C/C
CYP2C9.11_c.1003C>T,C__30634132_70,CYP2C9,rs28371685,NA17144,C/C
CYP2C9.11_c.1003C>T,C__30634132_70,CYP2C9,rs28371685,NA17148,C/C
CYP2C9.11_c.1003C>T,C__30634132_70,CYP2C9,rs28371685,NA17155,C/C
CYP2C9.11_c.1003C>T,C__30634132_70,CYP2C9,rs28371685,NA17205,C/C
CYP2C9.11_c.1003C>T,C__30634132_70,CYP2C9,rs28371685,NA17206,C/C
CYP2C9.11_c.1003C>T,C__30634132_70,CYP2C9,rs28371685,NA17207,C/C
CYP2C9.11_c.1003C>T,C__30634132_70,CYP2C9,rs28371685,NA17209,C/C
CYP2C9.11_c.1003C>T,C__30634132_70,CYP2C9,rs28371685,NA17210,C/C
CYP2C9.11_c.1003C>T,C__30634132_70,CYP2C9,rs28371685,NA17211,C/C
CYP2C9.11_c.1003C>T,C__30634132_70,CYP2C9,rs28371685,NA17216,C/C
CYP2C9.11_c.1003C>T,C__30634132_70,CYP2C9,rs28371685,NA17217,C/C
CYP2C9.11_c.1003C>T,C__30634132_70,CYP2C9,rs28371685,NA17221,C/C
CYP2C9.11_c.1003C>T,C__30634132_70,CYP2C9,rs28371685,NA17223,C/C
CYP2C9.11_c.1003C>T,C__30634132_70,CYP2C9,rs28371685,NA17225,C/C
CYP2C9.11_c.1003C>T,C__30634132_70,CYP2C9,rs28371685,NA17227,C/C
CYP2C9.11_c.1003C>T,C__30634132_70,CYP2C9,rs28371685,NA17232,C/C
CYP2C9.11_c.1003C>T,C__30634132_70,CYP2C9,rs28371685,NA17237,C/C
CYP2C9.11_c.1003C>T,C__30634132_70,CYP2C9,rs28371685,NA17239,C/C
CYP2C9.11_c.1003C>T,C__30634132_70,CYP2C9,rs28371685,NA17242,C/C
CYP2C9.11_c.1003C>T,C__30634132_70,CYP2C9,rs28371685,NA17245,C/C
CYP2C9.11_c.1003C>T,C__30634132_70,CYP2C9,rs28371685,NA17247,C/C
CYP2C9.11_c.1003C>T,C__30634132_70,CYP2C9,rs28371685,NA17254,C/C
CYP2C9.11_c.1003C>T,C__30634132_70,CYP2C9,rs28371685,NA17258,C/C
CYP2C9.11_c.1003C>T,C__30634132_70,CYP2C9,rs28371685,NA17259,C/C
CYP2C9.11_c.1003C>T,C__30634132_70,CYP2C9,rs28371685,NTC,N/A
CYP2C9.11_c.1003C>T,C__30634132_70,CYP2C9,rs28371685,NTC,N/A
CYP2C9.11_c.1003C>T,C__30634132_70,CYP2C9,rs28371685,NTC,N/A
CYP2C9.11_c.1003C>T,C__30634132_70,CYP2C9,rs28371685,NTC,N/A
CYP2C19.4_c.1A>G,C__30634136_10,CYP2C19,rs28399504,NA14476,A/A
CYP2C19.4_c.1A>G,C__30634136_10,CYP2C19,rs28399504,NA17104,A/A
CYP2C19.4_c.1A>G,C__30634136_10,CYP2C19,rs28399504,NA17105,A/A
CYP2C19.4_c.1A>G,C__30634136_10,CYP2C19,rs28399504,NA17109,A/A
CYP2C19.4_c.1A>G,C__30634136_10,CYP2C19,rs28399504,NA17112,A/A
CYP2C19.4_c.1A>G,C__30634136_10,CYP2C19,rs28399504,NA17114,A/A
CYP2C19.4_c.1A>G,C__30634136_10,CYP2C19,rs28399504,NA17117,A/A
CYP2C19.4_c.1A>G,C__30634136_10,CYP2C19,rs28399504,NA17118,A/A
CYP2C19.4_c.1A>G,C__30634136_10,CYP2C19,rs28399504,NA17120,A/A
CYP2C19.4_c.1A>G,C__30634136_10,CYP2C19,rs28399504,NA17125,A/A
CYP2C19.4_c.1A>G,C__30634136_10,CYP2C19,rs28399504,NA17126,A/A
CYP2C19.4_c.1A>G,C__30634136_10,CYP2C19,rs28399504,NA17128,A/A
CYP2C19.4_c.1A>G,C__30634136_10,CYP2C19,rs28399504,NA17130,A/A
CYP2C19.4_c.1A>G,C__30634136_10,CYP2C19,rs28399504,NA17132,A/A
CYP2C19.4_c.1A>G,C__30634136_10,CYP2C19,rs28399504,NA17137,A/A
CYP2C19.4_c.1A>G,C__30634136_10,CYP2C19,rs28399504,NA17139,A/A
CYP2C19.4_c.1A>G,C__30634136_10,CYP2C19,rs28399504,NA17144,A/A
CYP2C19.4_c.1A>G,C__30634136_10,CYP2C19,rs28399504,NA17148,A/A
CYP2C19.4_c.1A>G,C__30634136_10,CYP2C19,rs28399504,NA17155,A/A
CYP2C19.4_c.1A>G,C__30634136_10,CYP2C19,rs28399504,NA17205,A/A
CYP2C19.4_c.1A>G,C__30634136_10,CYP2C19,rs28399504,NA17206,A/A
CYP2C19.4_c.1A>G,C__30634136_10,CYP2C19,rs28399504,NA17207,A/A
CYP2C19.4_c.1A>G,C__30634136_10,CYP2C19,rs28399504,NA17209,A/A
CYP2C19.4_c.1A>G,C__30634136_10,CYP2C19,rs28399504,NA17210,A/A
CYP2C19.4_c.1A>G,C__30634136_10,CYP2C19,rs28399504,NA17211,A/A
CYP2C19.4_c.1A>G,C__30634136_10,CYP2C19,rs28399504,NA17216,A/A
CYP2C19.4_c.1A>G,C__30634136_10,CYP2C19,rs28399504,NA17217,A/A
CYP2C19.4_c.1A>G,C__30634136_10,CYP2C19,rs28399504,NA17221,A/A
CYP2C19.4_c.1A>G,C__30634136_10,CYP2C19,rs28399504,NA17223,A/A
CYP2C19.4_c.1A>G,C__30634136_10,CYP2C19,rs28399504,NA17225,A/A
CYP2C19.4_c.1A>G,C__30634136_10,CYP2C19,rs28399504,NA17227,A/A
CYP2C19.4_c.1A>G,C__30634136_10,CYP2C19,rs28399504,NA17232,A/A
CYP2C19.4_c.1A>G,C__30634136_10,CYP2C19,rs28399504,NA17237,A/A
CYP2C19.4_c.1A>G,C__30634136_10,CYP2C19,rs28399504,NA17239,A/A
CYP2C19.4_c.1A>G,C__30634136_10,CYP2C19,rs28399504,NA17242,A/A
CYP2C19.4_c.1A>G,C__30634136_10,CYP2C19,rs28399504,NA17245,A/A
CYP2C19.4_c.1A>G,C__30634136_10,CYP2C19,rs28399504,NA17247,A/A
CYP2C19.4_c.1A>G,C__30634136_10,CYP2C19,rs28399504,NA17254,A/A
CYP2C19.4_c.1A>G,C__30634136_10,CYP2C19,rs28399504,NA17258,A/A
CYP2C19.4_c.1A>G,C__30634136_10,CYP2C19,rs28399504,NA17259,A/A
CYP2C19.4_c.1A>G,C__30634136_10,CYP2C19,rs28399504,NTC,N/A
CYP2C19.4_c.1A>G,C__30634136_10,CYP2C19,rs28399504,NTC,N/A
CYP2C19.4_c.1A>G,C__30634136_10,CYP2C19,rs28399504,NTC,N/A
CYP2C19.4_c.1A>G,C__30634136_10,CYP2C19,rs28399504,NTC,N/A
CYP2C9.6_c.818delA,C__32287221_20,CYP2C9,none,NA14476,A/A
CYP2C9.6_c.818delA,C__32287221_20,CYP2C9,none,NA17104,A/A
CYP2C9.6_c.818delA,C__32287221_20,CYP2C9,none,NA17105,A/A
CYP2C9.6_c.818delA,C__32287221_20,CYP2C9,none,NA17109,A/A
CYP2C9.6_c.818delA,C__32287221_20,CYP2C9,none,NA17112,A/A
CYP2C9.6_c.818delA,C__32287221_20,CYP2C9,none,NA17114,A/A
CYP2C9.6_c.818delA,C__32287221_20,CYP2C9,none,NA17117,A/A
CYP2C9.6_c.818delA,C__32287221_20,CYP2C9,none,NA17118,A/A
CYP2C9.6_c.818delA,C__32287221_20,CYP2C9,none,NA17120,A/A
CYP2C9.6_c.818delA,C__32287221_20,CYP2C9,none,NA17125,A/A
CYP2C9.6_c.818delA,C__32287221_20,CYP2C9,none,NA17126,A/A
CYP2C9.6_c.818delA,C__32287221_20,CYP2C9,none,NA17128,A/A
CYP2C9.6_c.818delA,C__32287221_20,CYP2C9,none,NA17130,A/A
CYP2C9.6_c.818delA,C__32287221_20,CYP2C9,none,NA17132,A/A
CYP2C9.6_c.818delA,C__32287221_20,CYP2C9,none,NA17137,A/A
CYP2C9.6_c.818delA,C__32287221_20,CYP2C9,none,NA17139,A/A
CYP2C9.6_c.818delA,C__32287221_20,CYP2C9,none,NA17144,A/A
CYP2C9.6_c.818delA,C__32287221_20,CYP2C9,none,NA17148,A/A
CYP2C9.6_c.818delA,C__32287221_20,CYP2C9,none,NA17155,A/A
CYP2C9.6_c.818delA,C__32287221_20,CYP2C9,none,NA17205,A/A
CYP2C9.6_c.818delA,C__32287221_20,CYP2C9,none,NA17206,A/A
CYP2C9.6_c.818delA,C__32287221_20,CYP2C9,none,NA17207,A/A
CYP2C9.6_c.818delA,C__32287221_20,CYP2C9,none,NA17209,A/A
CYP2C9.6_c.818delA,C__32287221_20,CYP2C9,none,NA17210,A/A
CYP2C9.6_c.818delA,C__32287221_20,CYP2C9,none,NA17211,A/A
CYP2C9.6_c.818delA,C__32287221_20,CYP2C9,none,NA17216,A/A
CYP2C9.6_c.818delA,C__32287221_20,CYP2C9,none,NA17217,A/A
CYP2C9.6_c.818delA,C__32287221_20,CYP2C9,none,NA17221,A/A
CYP2C9.6_c.818delA,C__32287221_20,CYP2C9,none,NA17223,A/A
CYP2C9.6_c.818delA,C__32287221_20,CYP2C9,none,NA17225,A/A
CYP2C9.6_c.818delA,C__32287221_20,CYP2C9,none,NA17227,A/A
CYP2C9.6_c.818delA,C__32287221_20,CYP2C9,none,NA17232,A/A
CYP2C9.6_c.818delA,C__32287221_20,CYP2C9,none,NA17237,A/A
CYP2C9.6_c.818delA,C__32287221_20,CYP2C9,none,NA17239,A/A
CYP2C9.6_c.818delA,C__32287221_20,CYP2C9,none,NA17242,A/A
CYP2C9.6_c.818delA,C__32287221_20,CYP2C9,none,NA17245,A/A
CYP2C9.6_c.818delA,C__32287221_20,CYP2C9,none,NA17247,A/A
CYP2C9.6_c.818delA,C__32287221_20,CYP2C9,none,NA17254,A/A
CYP2C9.6_c.818delA,C__32287221_20,CYP2C9,none,NA17258,A/A
CYP2C9.6_c.818delA,C__32287221_20,CYP2C9,none,NA17259,A/A
CYP2C9.6_c.818delA,C__32287221_20,CYP2C9,none,NTC,N/A
CYP2C9.6_c.818delA,C__32287221_20,CYP2C9,none,NTC,N/A
CYP2C9.6_c.818delA,C__32287221_20,CYP2C9,none,NTC,N/A
CYP2C9.6_c.818delA,C__32287221_20,CYP2C9,none,NTC,N/A
CYP2D6.7_g.2935A>C,C__32388575_30,CYP2D6,rs5030867,NA14476,T/T
CYP2D6.7_g.2935A>C,C__32388575_30,CYP2D6,rs5030867,NA17104,T/T
CYP2D6.7_g.2935A>C,C__32388575_30,CYP2D6,rs5030867,NA17105,T/T
CYP2D6.7_g.2935A>C,C__32388575_30,CYP2D6,rs5030867,NA17109,T/T
CYP2D6.7_g.2935A>C,C__32388575_30,CYP2D6,rs5030867,NA17112,T/T
CYP2D6.7_g.2935A>C,C__32388575_30,CYP2D6,rs5030867,NA17114,T/T
CYP2D6.7_g.2935A>C,C__32388575_30,CYP2D6,rs5030867,NA17117,T/T
CYP2D6.7_g.2935A>C,C__32388575_30,CYP2D6,rs5030867,NA17118,T/T
CYP2D6.7_g.2935A>C,C__32388575_30,CYP2D6,rs5030867,NA17120,T/T
CYP2D6.7_g.2935A>C,C__32388575_30,CYP2D6,rs5030867,NA17125,T/T
CYP2D6.7_g.2935A>C,C__32388575_30,CYP2D6,rs5030867,NA17126,T/T
CYP2D6.7_g.2935A>C,C__32388575_30,CYP2D6,rs5030867,NA17128,T/T
CYP2D6.7_g.2935A>C,C__32388575_30,CYP2D6,rs5030867,NA17130,T/T
CYP2D6.7_g.2935A>C,C__32388575_30,CYP2D6,rs5030867,NA17132,T/T
CYP2D6.7_g.2935A>C,C__32388575_30,CYP2D6,rs5030867,NA17137,T/T
CYP2D6.7_g.2935A>C,C__32388575_30,CYP2D6,rs5030867,NA17139,T/T
CYP2D6.7_g.2935A>C,C__32388575_30,CYP2D6,rs5030867,NA17144,T/T
CYP2D6.7_g.2935A>C,C__32388575_30,CYP2D6,rs5030867,NA17148,T/T
CYP2D6.7_g.2935A>C,C__32388575_30,CYP2D6,rs5030867,NA17155,T/T
CYP2D6.7_g.2935A>C,C__32388575_30,CYP2D6,rs5030867,NA17205,T/T
CYP2D6.7_g.2935A>C,C__32388575_30,CYP2D6,rs5030867,NA17206,T/T
CYP2D6.7_g.2935A>C,C__32388575_30,CYP2D6,rs5030867,NA17207,T/T
CYP2D6.7_g.2935A>C,C__32388575_30,CYP2D6,rs5030867,NA17209,T/T
CYP2D6.7_g.2935A>C,C__32388575_30,CYP2D6,rs5030867,NA17210,T/T
CYP2D6.7_g.2935A>C,C__32388575_30,CYP2D6,rs5030867,NA17211,T/T
CYP2D6.7_g.2935A>C,C__32388575_30,CYP2D6,rs5030867,NA17216,T/T
CYP2D6.7_g.2935A>C,C__32388575_30,CYP2D6,rs5030867,NA17217,T/T
CYP2D6.7_g.2935A>C,C__32388575_30,CYP2D6,rs5030867,NA17221,T/T
CYP2D6.7_g.2935A>C,C__32388575_30,CYP2D6,rs5030867,NA17223,T/T
CYP2D6.7_g.2935A>C,C__32388575_30,CYP2D6,rs5030867,NA17225,T/T
CYP2D6.7_g.2935A>C,C__32388575_30,CYP2D6,rs5030867,NA17227,T/T
CYP2D6.7_g.2935A>C,C__32388575_30,CYP2D6,rs5030867,NA17232,T/T
CYP2D6.7_g.2935A>C,C__32388575_30,CYP2D6,rs5030867,NA17237,T/T
CYP2D6.7_g.2935A>C,C__32388575_30,CYP2D6,rs5030867,NA17239,T/T
CYP2D6.7_g.2935A>C,C__32388575_30,CYP2D6,rs5030867,NA17242,T/T
CYP2D6.7_g.2935A>C,C__32388575_30,CYP2D6,rs5030867,NA17245,T/T
CYP2D6.7_g.2935A>C,C__32388575_30,CYP2D6,rs5030867,NA17247,T/T
CYP2D6.7_g.2935A>C,C__32388575_30,CYP2D6,rs5030867,NA17254,T/T
CYP2D6.7_g.2935A>C,C__32388575_30,CYP2D6,rs5030867,NA17258,T/T
CYP2D6.7_g.2935A>C,C__32388575_30,CYP2D6,rs5030867,NA17259,T/T
CYP2D6.7_g.2935A>C,C__32388575_30,CYP2D6,rs5030867,NTC,N/A
CYP2D6.7_g.2935A>C,C__32388575_30,CYP2D6,rs5030867,NTC,N/A
CYP2D6.7_g.2935A>C,C__32388575_30,CYP2D6,rs5030867,NTC,N/A
CYP2D6.7_g.2935A>C,C__32388575_30,CYP2D6,rs5030867,NTC,N/A
CYP2D6.9_g.2613_2615delAGA,C__32407229_60,CYP2D6,rs28371720,NA14476,TCT/TCT
CYP2D6.9_g.2613_2615delAGA,C__32407229_60,CYP2D6,rs28371720,NA17104,TCT/TCT
CYP2D6.9_g.2613_2615delAGA,C__32407229_60,CYP2D6,rs28371720,NA17105,TCT/TCT
CYP2D6.9_g.2613_2615delAGA,C__32407229_60,CYP2D6,rs28371720,NA17109,TCT/TCT
CYP2D6.9_g.2613_2615delAGA,C__32407229_60,CYP2D6,rs28371720,NA17112,TCT/TCT
CYP2D6.9_g.2613_2615delAGA,C__32407229_60,CYP2D6,rs28371720,NA17114,TCT/TCT
CYP2D6.9_g.2613_2615delAGA,C__32407229_60,CYP2D6,rs28371720,NA17117,TCT/TCT
CYP2D6.9_g.2613_2615delAGA,C__32407229_60,CYP2D6,rs28371720,NA17118,TCT/TCT
CYP2D6.9_g.2613_2615delAGA,C__32407229_60,CYP2D6,rs28371720,NA17120,TCT/TCT
CYP2D6.9_g.2613_2615delAGA,C__32407229_60,CYP2D6,rs28371720,NA17125,TCT/TCT
CYP2D6.9_g.2613_2615delAGA,C__32407229_60,CYP2D6,rs28371720,NA17126,TCT/TCT
CYP2D6.9_g.2613_2615delAGA,C__32407229_60,CYP2D6,rs28371720,NA17128,TCT/TCT
CYP2D6.9_g.2613_2615delAGA,C__32407229_60,CYP2D6,rs28371720,NA17130,TCT/TCT
CYP2D6.9_g.2613_2615delAGA,C__32407229_60,CYP2D6,rs28371720,NA17132,TCT/TCT
CYP2D6.9_g.2613_2615delAGA,C__32407229_60,CYP2D6,rs28371720,NA17137,TCT/TCT
CYP2D6.9_g.2613_2615delAGA,C__32407229_60,CYP2D6,rs28371720,NA17139,TCT/TCT
CYP2D6.9_g.2613_2615delAGA,C__32407229_60,CYP2D6,rs28371720,NA17144,TCT/TCT
CYP2D6.9_g.2613_2615delAGA,C__32407229_60,CYP2D6,rs28371720,NA17148,TCT/TCT
CYP2D6.9_g.2613_2615delAGA,C__32407229_60,CYP2D6,rs28371720,NA17155,TCT/TCT
CYP2D6.9_g.2613_2615delAGA,C__32407229_60,CYP2D6,rs28371720,NA17205,TCT/TCT
CYP2D6.9_g.2613_2615delAGA,C__32407229_60,CYP2D6,rs28371720,NA17206,TCT/TCT
CYP2D6.9_g.2613_2615delAGA,C__32407229_60,CYP2D6,rs28371720,NA17207,TCT/TCT
CYP2D6.9_g.2613_2615delAGA,C__32407229_60,CYP2D6,rs28371720,NA17209,TCT/TCT
CYP2D6.9_g.2613_2615delAGA,C__32407229_60,CYP2D6,rs28371720,NA17210,TCT/TCT
CYP2D6.9_g.2613_2615delAGA,C__32407229_60,CYP2D6,rs28371720,NA17211,TCT/TCT
CYP2D6.9_g.2613_2615delAGA,C__32407229_60,CYP2D6,rs28371720,NA17216,TCT/TCT
CYP2D6.9_g.2613_2615delAGA,C__32407229_60,CYP2D6,rs28371720,NA17217,TCT/TCT
CYP2D6.9_g.2613_2615delAGA,C__32407229_60,CYP2D6,rs28371720,NA17221,TCT/TCT
CYP2D6.9_g.2613_2615delAGA,C__32407229_60,CYP2D6,rs28371720,NA17223,TCT/TCT
CYP2D6.9_g.2613_2615delAGA,C__32407229_60,CYP2D6,rs28371720,NA17225,TCT/TCT
CYP2D6.9_g.2613_2615delAGA,C__32407229_60,CYP2D6,rs28371720,NA17227,TCT/-
CYP2D6.9_g.2613_2615delAGA,C__32407229_60,CYP2D6,rs28371720,NA17232,TCT/TCT
CYP2D6.9_g.2613_2615delAGA,C__32407229_60,CYP2D6,rs28371720,NA17237,TCT/TCT
CYP2D6.9_g.2613_2615delAGA,C__32407229_60,CYP2D6,rs28371720,NA17239,TCT/TCT
CYP2D6.9_g.2613_2615delAGA,C__32407229_60,CYP2D6,rs28371720,NA17242,TCT/TCT
CYP2D6.9_g.2613_2615delAGA,C__32407229_60,CYP2D6,rs28371720,NA17245,TCT/TCT
CYP2D6.9_g.2613_2615delAGA,C__32407229_60,CYP2D6,rs28371720,NA17247,TCT/TCT
CYP2D6.9_g.2613_2615delAGA,C__32407229_60,CYP2D6,rs28371720,NA17254,TCT/TCT
CYP2D6.9_g.2613_2615delAGA,C__32407229_60,CYP2D6,rs28371720,NA17258,TCT/TCT
CYP2D6.9_g.2613_2615delAGA,C__32407229_60,CYP2D6,rs28371720,NA17259,TCT/TCT
CYP2D6.9_g.2613_2615delAGA,C__32407229_60,CYP2D6,rs28371720,NTC,N/A
CYP2D6.9_g.2613_2615delAGA,C__32407229_60,CYP2D6,rs28371720,NTC,N/A
CYP2D6.9_g.2613_2615delAGA,C__32407229_60,CYP2D6,rs28371720,NTC,N/A
CYP2D6.9_g.2613_2615delAGA,C__32407229_60,CYP2D6,rs28371720,NTC,N/A
CYP2D6.3A_g.2549delA,C__32407232_50,CYP2D6,rs35742686,NA14476,T/T
CYP2D6.3A_g.2549delA,C__32407232_50,CYP2D6,rs35742686,NA17104,T/T
CYP2D6.3A_g.2549delA,C__32407232_50,CYP2D6,rs35742686,NA17105,T/T
CYP2D6.3A_g.2549delA,C__32407232_50,CYP2D6,rs35742686,NA17109,T/T
CYP2D6.3A_g.2549delA,C__32407232_50,CYP2D6,rs35742686,NA17112,T/T
CYP2D6.3A_g.2549delA,C__32407232_50,CYP2D6,rs35742686,NA17114,T/T
CYP2D6.3A_g.2549delA,C__32407232_50,CYP2D6,rs35742686,NA17117,T/T
CYP2D6.3A_g.2549delA,C__32407232_50,CYP2D6,rs35742686,NA17118,T/T
CYP2D6.3A_g.2549delA,C__32407232_50,CYP2D6,rs35742686,NA17120,T/T
CYP2D6.3A_g.2549delA,C__32407232_50,CYP2D6,rs35742686,NA17125,T/T
CYP2D6.3A_g.2549delA,C__32407232_50,CYP2D6,rs35742686,NA17126,T/T
CYP2D6.3A_g.2549delA,C__32407232_50,CYP2D6,rs35742686,NA17128,T/T
CYP2D6.3A_g.2549delA,C__32407232_50,CYP2D6,rs35742686,NA17130,T/T
CYP2D6.3A_g.2549delA,C__32407232_50,CYP2D6,rs35742686,NA17132,T/T
CYP2D6.3A_g.2549delA,C__32407232_50,CYP2D6,rs35742686,NA17137,T/T
CYP2D6.3A_g.2549delA,C__32407232_50,CYP2D6,rs35742686,NA17139,T/T
CYP2D6.3A_g.2549delA,C__32407232_50,CYP2D6,rs35742686,NA17144,T/T
CYP2D6.3A_g.2549delA,C__32407232_50,CYP2D6,rs35742686,NA17148,T/T
CYP2D6.3A_g.2549delA,C__32407232_50,CYP2D6,rs35742686,NA17155,T/T
CYP2D6.3A_g.2549delA,C__32407232_50,CYP2D6,rs35742686,NA17205,T/T
CYP2D6.3A_g.2549delA,C__32407232_50,CYP2D6,rs35742686,NA17206,T/T
CYP2D6.3A_g.2549delA,C__32407232_50,CYP2D6,rs35742686,NA17207,T/T
CYP2D6.3A_g.2549delA,C__32407232_50,CYP2D6,rs35742686,NA17209,T/T
CYP2D6.3A_g.2549delA,C__32407232_50,CYP2D6,rs35742686,NA17210,T/T
CYP2D6.3A_g.2549delA,C__32407232_50,CYP2D6,rs35742686,NA17211,T/T
CYP2D6.3A_g.2549delA,C__32407232_50,CYP2D6,rs35742686,NA17216,T/T
CYP2D6.3A_g.2549delA,C__32407232_50,CYP2D6,rs35742686,NA17217,T/T
CYP2D6.3A_g.2549delA,C__32407232_50,CYP2D6,rs35742686,NA17221,T/T
CYP2D6.3A_g.2549delA,C__32407232_50,CYP2D6,rs35742686,NA17223,T/T
CYP2D6.3A_g.2549delA,C__32407232_50,CYP2D6,rs35742686,NA17225,T/T
CYP2D6.3A_g.2549delA,C__32407232_50,CYP2D6,rs35742686,NA17227,T/T
CYP2D6.3A_g.2549delA,C__32407232_50,CYP2D6,rs35742686,NA17232,T/T
CYP2D6.3A_g.2549delA,C__32407232_50,CYP2D6,rs35742686,NA17237,T/T
CYP2D6.3A_g.2549delA,C__32407232_50,CYP2D6,rs35742686,NA17239,T/T
CYP2D6.3A_g.2549delA,C__32407232_50,CYP2D6,rs35742686,NA17242,T/T
CYP2D6.3A_g.2549delA,C__32407232_50,CYP2D6,rs35742686,NA17245,T/T
CYP2D6.3A_g.2549delA,C__32407232_50,CYP2D6,rs35742686,NA17247,T/T
CYP2D6.3A_g.2549delA,C__32407232_50,CYP2D6,rs35742686,NA17254,T/T
CYP2D6.3A_g.2549delA,C__32407232_50,CYP2D6,rs35742686,NA17258,T/T
CYP2D6.3A_g.2549delA,C__32407232_50,CYP2D6,rs35742686,NA17259,T/T
CYP2D6.3A_g.2549delA,C__32407232_50,CYP2D6,rs35742686,NTC,N/A
CYP2D6.3A_g.2549delA,C__32407232_50,CYP2D6,rs35742686,NTC,N/A
CYP2D6.3A_g.2549delA,C__32407232_50,CYP2D6,rs35742686,NTC,N/A
CYP2D6.3A_g.2549delA,C__32407232_50,CYP2D6,rs35742686,NTC,N/A
CYP2D6.6_g.1707T>del,C__32407243_20,CYP2D6,rs5030655,NA14476,A/A
CYP2D6.6_g.1707T>del,C__32407243_20,CYP2D6,rs5030655,NA17104,A/A
CYP2D6.6_g.1707T>del,C__32407243_20,CYP2D6,rs5030655,NA17105,A/A
CYP2D6.6_g.1707T>del,C__32407243_20,CYP2D6,rs5030655,NA17109,A/A
CYP2D6.6_g.1707T>del,C__32407243_20,CYP2D6,rs5030655,NA17112,A/A
CYP2D6.6_g.1707T>del,C__32407243_20,CYP2D6,rs5030655,NA17114,A/A
CYP2D6.6_g.1707T>del,C__32407243_20,CYP2D6,rs5030655,NA17117,A/A
CYP2D6.6_g.1707T>del,C__32407243_20,CYP2D6,rs5030655,NA17118,A/A
CYP2D6.6_g.1707T>del,C__32407243_20,CYP2D6,rs5030655,NA17120,A/A
CYP2D6.6_g.1707T>del,C__32407243_20,CYP2D6,rs5030655,NA17125,A/A
CYP2D6.6_g.1707T>del,C__32407243_20,CYP2D6,rs5030655,NA17126,A/A
CYP2D6.6_g.1707T>del,C__32407243_20,CYP2D6,rs5030655,NA17128,A/A
CYP2D6.6_g.1707T>del,C__32407243_20,CYP2D6,rs5030655,NA17130,A/A
CYP2D6.6_g.1707T>del,C__32407243_20,CYP2D6,rs5030655,NA17132,A/A
CYP2D6.6_g.1707T>del,C__32407243_20,CYP2D6,rs5030655,NA17137,A/A
CYP2D6.6_g.1707T>del,C__32407243_20,CYP2D6,rs5030655,NA17139,A/A
CYP2D6.6_g.1707T>del,C__32407243_20,CYP2D6,rs5030655,NA17144,A/A
CYP2D6.6_g.1707T>del,C__32407243_20,CYP2D6,rs5030655,NA17148,A/A
CYP2D6.6_g.1707T>del,C__32407243_20,CYP2D6,rs5030655,NA17155,A/A
CYP2D6.6_g.1707T>del,C__32407243_20,CYP2D6,rs5030655,NA17205,A/A
CYP2D6.6_g.1707T>del,C__32407243_20,CYP2D6,rs5030655,NA17206,A/A
CYP2D6.6_g.1707T>del,C__32407243_20,CYP2D6,rs5030655,NA17207,A/A
CYP2D6.6_g.1707T>del,C__32407243_20,CYP2D6,rs5030655,NA17209,A/A
CYP2D6.6_g.1707T>del,C__32407243_20,CYP2D6,rs5030655,NA17210,A/A
CYP2D6.6_g.1707T>del,C__32407243_20,CYP2D6,rs5030655,NA17211,A/A
CYP2D6.6_g.1707T>del,C__32407243_20,CYP2D6,rs5030655,NA17216,A/A
CYP2D6.6_g.1707T>del,C__32407243_20,CYP2D6,rs5030655,NA17217,A/A
CYP2D6.6_g.1707T>del,C__32407243_20,CYP2D6,rs5030655,NA17221,A/A
CYP2D6.6_g.1707T>del,C__32407243_20,CYP2D6,rs5030655,NA17223,A/A
CYP2D6.6_g.1707T>del,C__32407243_20,CYP2D6,rs5030655,NA17225,A/A
CYP2D6.6_g.1707T>del,C__32407243_20,CYP2D6,rs5030655,NA17227,A/A
CYP2D6.6_g.1707T>del,C__32407243_20,CYP2D6,rs5030655,NA17232,A/A
CYP2D6.6_g.1707T>del,C__32407243_20,CYP2D6,rs5030655,NA17237,A/A
CYP2D6.6_g.1707T>del,C__32407243_20,CYP2D6,rs5030655,NA17239,A/A
CYP2D6.6_g.1707T>del,C__32407243_20,CYP2D6,rs5030655,NA17242,A/A
CYP2D6.6_g.1707T>del,C__32407243_20,CYP2D6,rs5030655,NA17245,A/A
CYP2D6.6_g.1707T>del,C__32407243_20,CYP2D6,rs5030655,NA17247,A/A
CYP2D6.6_g.1707T>del,C__32407243_20,CYP2D6,rs5030655,NA17254,A/A
CYP2D6.6_g.1707T>del,C__32407243_20,CYP2D6,rs5030655,NA17258,A/A
CYP2D6.6_g.1707T>del,C__32407243_20,CYP2D6,rs5030655,NA17259,A/A
CYP2D6.6_g.1707T>del,C__32407243_20,CYP2D6,rs5030655,NTC,N/A
CYP2D6.6_g.1707T>del,C__32407243_20,CYP2D6,rs5030655,NTC,N/A
CYP2D6.6_g.1707T>del,C__32407243_20,CYP2D6,rs5030655,NTC,N/A
CYP2D6.6_g.1707T>del,C__32407243_20,CYP2D6,rs5030655,NTC,N/A
CYP2D6.15_g.137_138insT,C__32407245_40,CYP2D6,none,NA14476,-/-
CYP2D6.15_g.137_138insT,C__32407245_40,CYP2D6,none,NA17104,-/-
CYP2D6.15_g.137_138insT,C__32407245_40,CYP2D6,none,NA17105,-/-
CYP2D6.15_g.137_138insT,C__32407245_40,CYP2D6,none,NA17109,-/-
CYP2D6.15_g.137_138insT,C__32407245_40,CYP2D6,none,NA17112,-/-
CYP2D6.15_g.137_138insT,C__32407245_40,CYP2D6,none,NA17114,-/-
CYP2D6.15_g.137_138insT,C__32407245_40,CYP2D6,none,NA17117,-/-
CYP2D6.15_g.137_138insT,C__32407245_40,CYP2D6,none,NA17118,-/-
CYP2D6.15_g.137_138insT,C__32407245_40,CYP2D6,none,NA17120,-/-
CYP2D6.15_g.137_138insT,C__32407245_40,CYP2D6,none,NA17125,-/-
CYP2D6.15_g.137_138insT,C__32407245_40,CYP2D6,none,NA17126,-/-
CYP2D6.15_g.137_138insT,C__32407245_40,CYP2D6,none,NA17128,-/A
CYP2D6.15_g.137_138insT,C__32407245_40,CYP2D6,none,NA17130,-/-
CYP2D6.15_g.137_138insT,C__32407245_40,CYP2D6,none,NA17132,-/-
CYP2D6.15_g.137_138insT,C__32407245_40,CYP2D6,none,NA17137,-/-
CYP2D6.15_g.137_138insT,C__32407245_40,CYP2D6,none,NA17139,-/-
CYP2D6.15_g.137_138insT,C__32407245_40,CYP2D6,none,NA17144,-/-
CYP2D6.15_g.137_138insT,C__32407245_40,CYP2D6,none,NA17148,-/-
CYP2D6.15_g.137_138insT,C__32407245_40,CYP2D6,none,NA17155,-/-
CYP2D6.15_g.137_138insT,C__32407245_40,CYP2D6,none,NA17205,-/-
CYP2D6.15_g.137_138insT,C__32407245_40,CYP2D6,none,NA17206,-/-
CYP2D6.15_g.137_138insT,C__32407245_40,CYP2D6,none,NA17207,-/-
CYP2D6.15_g.137_138insT,C__32407245_40,CYP2D6,none,NA17209,-/-
CYP2D6.15_g.137_138insT,C__32407245_40,CYP2D6,none,NA17210,-/-
CYP2D6.15_g.137_138insT,C__32407245_40,CYP2D6,none,NA17211,-/-
CYP2D6.15_g.137_138insT,C__32407245_40,CYP2D6,none,NA17216,-/-
CYP2D6.15_g.137_138insT,C__32407245_40,CYP2D6,none,NA17217,-/-
CYP2D6.15_g.137_138insT,C__32407245_40,CYP2D6,none,NA17221,-/-
CYP2D6.15_g.137_138insT,C__32407245_40,CYP2D6,none,NA17223,-/-
CYP2D6.15_g.137_138insT,C__32407245_40,CYP2D6,none,NA17225,-/-
CYP2D6.15_g.137_138insT,C__32407245_40,CYP2D6,none,NA17227,-/-
CYP2D6.15_g.137_138insT,C__32407245_40,CYP2D6,none,NA17232,-/-
CYP2D6.15_g.137_138insT,C__32407245_40,CYP2D6,none,NA17237,-/-
CYP2D6.15_g.137_138insT,C__32407245_40,CYP2D6,none,NA17239,-/-
CYP2D6.15_g.137_138insT,C__32407245_40,CYP2D6,none,NA17242,-/-
CYP2D6.15_g.137_138insT,C__32407245_40,CYP2D6,none,NA17245,-/-
CYP2D6.15_g.137_138insT,C__32407245_40,CYP2D6,none,NA17247,-/-
CYP2D6.15_g.137_138insT,C__32407245_40,CYP2D6,none,NA17254,-/-
CYP2D6.15_g.137_138insT,C__32407245_40,CYP2D6,none,NA17258,-/-
CYP2D6.15_g.137_138insT,C__32407245_40,CYP2D6,none,NA17259,-/-
CYP2D6.15_g.137_138insT,C__32407245_40,CYP2D6,none,NTC,N/A
CYP2D6.15_g.137_138insT,C__32407245_40,CYP2D6,none,NTC,N/A
CYP2D6.15_g.137_138insT,C__32407245_40,CYP2D6,none,NTC,N/A
CYP2D6.15_g.137_138insT,C__32407245_40,CYP2D6,none,NTC,N/A
CYP2D6_g.-1584C>G,C__32407252_30,CYP2D6,rs1080985,NA14476,G/G
CYP2D6_g.-1584C>G,C__32407252_30,CYP2D6,rs1080985,NA17104,C/C
CYP2D6_g.-1584C>G,C__32407252_30,CYP2D6,rs1080985,NA17105,G/G
CYP2D6_g.-1584C>G,C__32407252_30,CYP2D6,rs1080985,NA17109,G/G
CYP2D6_g.-1584C>G,C__32407252_30,CYP2D6,rs1080985,NA17112,G/G
CYP2D6_g.-1584C>G,C__32407252_30,CYP2D6,rs1080985,NA17114,G/G
CYP2D6_g.-1584C>G,C__32407252_30,CYP2D6,rs1080985,NA17117,G/G
CYP2D6_g.-1584C>G,C__32407252_30,CYP2D6,rs1080985,NA17118,G/G
CYP2D6_g.-1584C>G,C__32407252_30,CYP2D6,rs1080985,NA17120,G/G
CYP2D6_g.-1584C>G,C__32407252_30,CYP2D6,rs1080985,NA17125,G/G
CYP2D6_g.-1584C>G,C__32407252_30,CYP2D6,rs1080985,NA17126,G/G
CYP2D6_g.-1584C>G,C__32407252_30,CYP2D6,rs1080985,NA17128,G/G
CYP2D6_g.-1584C>G,C__32407252_30,CYP2D6,rs1080985,NA17130,G/C
CYP2D6_g.-1584C>G,C__32407252_30,CYP2D6,rs1080985,NA17132,G/G
CYP2D6_g.-1584C>G,C__32407252_30,CYP2D6,rs1080985,NA17137,G/G
CYP2D6_g.-1584C>G,C__32407252_30,CYP2D6,rs1080985,NA17139,G/G
CYP2D6_g.-1584C>G,C__32407252_30,CYP2D6,rs1080985,NA17144,G/G
CYP2D6_g.-1584C>G,C__32407252_30,CYP2D6,rs1080985,NA17148,G/G
CYP2D6_g.-1584C>G,C__32407252_30,CYP2D6,rs1080985,NA17155,G/C
CYP2D6_g.-1584C>G,C__32407252_30,CYP2D6,rs1080985,NA17205,G/G
CYP2D6_g.-1584C>G,C__32407252_30,CYP2D6,rs1080985,NA17206,G/C
CYP2D6_g.-1584C>G,C__32407252_30,CYP2D6,rs1080985,NA17207,G/C
CYP2D6_g.-1584C>G,C__32407252_30,CYP2D6,rs1080985,NA17209,G/G
CYP2D6_g.-1584C>G,C__32407252_30,CYP2D6,rs1080985,NA17210,G/G
CYP2D6_g.-1584C>G,C__32407252_30,CYP2D6,rs1080985,NA17211,G/C
CYP2D6_g.-1584C>G,C__32407252_30,CYP2D6,rs1080985,NA17216,G/G
CYP2D6_g.-1584C>G,C__32407252_30,CYP2D6,rs1080985,NA17217,G/G
CYP2D6_g.-1584C>G,C__32407252_30,CYP2D6,rs1080985,NA17221,G/C
CYP2D6_g.-1584C>G,C__32407252_30,CYP2D6,rs1080985,NA17223,G/G
CYP2D6_g.-1584C>G,C__32407252_30,CYP2D6,rs1080985,NA17225,G/G
CYP2D6_g.-1584C>G,C__32407252_30,CYP2D6,rs1080985,NA17227,G/G
CYP2D6_g.-1584C>G,C__32407252_30,CYP2D6,rs1080985,NA17232,C/C
CYP2D6_g.-1584C>G,C__32407252_30,CYP2D6,rs1080985,NA17237,G/G
CYP2D6_g.-1584C>G,C__32407252_30,CYP2D6,rs1080985,NA17239,G/G
CYP2D6_g.-1584C>G,C__32407252_30,CYP2D6,rs1080985,NA17242,G/G
CYP2D6_g.-1584C>G,C__32407252_30,CYP2D6,rs1080985,NA17245,G/C
CYP2D6_g.-1584C>G,C__32407252_30,CYP2D6,rs1080985,NA17247,G/C
CYP2D6_g.-1584C>G,C__32407252_30,CYP2D6,rs1080985,NA17254,G/G
CYP2D6_g.-1584C>G,C__32407252_30,CYP2D6,rs1080985,NA17258,G/G
CYP2D6_g.-1584C>G,C__32407252_30,CYP2D6,rs1080985,NA17259,G/G
CYP2D6_g.-1584C>G,C__32407252_30,CYP2D6,rs1080985,NTC,N/A
CYP2D6_g.-1584C>G,C__32407252_30,CYP2D6,rs1080985,NTC,N/A
CYP2D6_g.-1584C>G,C__32407252_30,CYP2D6,rs1080985,NTC,N/A
CYP2D6_g.-1584C>G,C__32407252_30,CYP2D6,rs1080985,NTC,N/A
CYP2D6.29_g.3183G>A,C__34816113_20,CYP2D6,rs59421388,NA14476,C/C
CYP2D6.29_g.3183G>A,C__34816113_20,CYP2D6,rs59421388,NA17104,C/C
CYP2D6.29_g.3183G>A,C__34816113_20,CYP2D6,rs59421388,NA17105,C/T
CYP2D6.29_g.3183G>A,C__34816113_20,CYP2D6,rs59421388,NA17109,C/C
CYP2D6.29_g.3183G>A,C__34816113_20,CYP2D6,rs59421388,NA17112,C/C
CYP2D6.29_g.3183G>A,C__34816113_20,CYP2D6,rs59421388,NA17114,C/C
CYP2D6.29_g.3183G>A,C__34816113_20,CYP2D6,rs59421388,NA17117,C/C
CYP2D6.29_g.3183G>A,C__34816113_20,CYP2D6,rs59421388,NA17118,C/C
CYP2D6.29_g.3183G>A,C__34816113_20,CYP2D6,rs59421388,NA17120,C/C
CYP2D6.29_g.3183G>A,C__34816113_20,CYP2D6,rs59421388,NA17125,C/C
CYP2D6.29_g.3183G>A,C__34816113_20,CYP2D6,rs59421388,NA17126,C/T
CYP2D6.29_g.3183G>A,C__34816113_20,CYP2D6,rs59421388,NA17128,C/C
CYP2D6.29_g.3183G>A,C__34816113_20,CYP2D6,rs59421388,NA17130,C/C
CYP2D6.29_g.3183G>A,C__34816113_20,CYP2D6,rs59421388,NA17132,C/C
CYP2D6.29_g.3183G>A,C__34816113_20,CYP2D6,rs59421388,NA17137,C/T
CYP2D6.29_g.3183G>A,C__34816113_20,CYP2D6,rs59421388,NA17139,C/T
CYP2D6.29_g.3183G>A,C__34816113_20,CYP2D6,rs59421388,NA17144,C/C
CYP2D6.29_g.3183G>A,C__34816113_20,CYP2D6,rs59421388,NA17148,C/C
CYP2D6.29_g.3183G>A,C__34816113_20,CYP2D6,rs59421388,NA17155,C/C
CYP2D6.29_g.3183G>A,C__34816113_20,CYP2D6,rs59421388,NA17205,C/C
CYP2D6.29_g.3183G>A,C__34816113_20,CYP2D6,rs59421388,NA17206,C/C
CYP2D6.29_g.3183G>A,C__34816113_20,CYP2D6,rs59421388,NA17207,C/C
CYP2D6.29_g.3183G>A,C__34816113_20,CYP2D6,rs59421388,NA17209,C/C
CYP2D6.29_g.3183G>A,C__34816113_20,CYP2D6,rs59421388,NA17210,C/C
CYP2D6.29_g.3183G>A,C__34816113_20,CYP2D6,rs59421388,NA17211,C/C
CYP2D6.29_g.3183G>A,C__34816113_20,CYP2D6,rs59421388,NA17216,C/C
CYP2D6.29_g.3183G>A,C__34816113_20,CYP2D6,rs59421388,NA17217,C/C
CYP2D6.29_g.3183G>A,C__34816113_20,CYP2D6,rs59421388,NA17221,C/C
CYP2D6.29_g.3183G>A,C__34816113_20,CYP2D6,rs59421388,NA17223,C/C
CYP2D6.29_g.3183G>A,C__34816113_20,CYP2D6,rs59421388,NA17225,C/C
CYP2D6.29_g.3183G>A,C__34816113_20,CYP2D6,rs59421388,NA17227,C/C
CYP2D6.29_g.3183G>A,C__34816113_20,CYP2D6,rs59421388,NA17232,C/C
CYP2D6.29_g.3183G>A,C__34816113_20,CYP2D6,rs59421388,NA17237,C/C
CYP2D6.29_g.3183G>A,C__34816113_20,CYP2D6,rs59421388,NA17239,C/C
CYP2D6.29_g.3183G>A,C__34816113_20,CYP2D6,rs59421388,NA17242,C/C
CYP2D6.29_g.3183G>A,C__34816113_20,CYP2D6,rs59421388,NA17245,C/C
CYP2D6.29_g.3183G>A,C__34816113_20,CYP2D6,rs59421388,NA17247,C/C
CYP2D6.29_g.3183G>A,C__34816113_20,CYP2D6,rs59421388,NA17254,C/C
CYP2D6.29_g.3183G>A,C__34816113_20,CYP2D6,rs59421388,NA17258,C/C
CYP2D6.29_g.3183G>A,C__34816113_20,CYP2D6,rs59421388,NA17259,C/C
CYP2D6.29_g.3183G>A,C__34816113_20,CYP2D6,rs59421388,NTC,N/A
CYP2D6.29_g.3183G>A,C__34816113_20,CYP2D6,rs59421388,NTC,N/A
CYP2D6.29_g.3183G>A,C__34816113_20,CYP2D6,rs59421388,NTC,N/A
CYP2D6.29_g.3183G>A,C__34816113_20,CYP2D6,rs59421388,NTC,N/A
CYP2D6.2M_g.2988G>A,C__34816116_20,CYP2D6,rs28371725,NA14476,C/T
CYP2D6.2M_g.2988G>A,C__34816116_20,CYP2D6,rs28371725,NA17104,C/C
CYP2D6.2M_g.2988G>A,C__34816116_20,CYP2D6,rs28371725,NA17105,C/C
CYP2D6.2M_g.2988G>A,C__34816116_20,CYP2D6,rs28371725,NA17109,C/C
CYP2D6.2M_g.2988G>A,C__34816116_20,CYP2D6,rs28371725,NA17112,C/C
CYP2D6.2M_g.2988G>A,C__34816116_20,CYP2D6,rs28371725,NA17114,C/C
CYP2D6.2M_g.2988G>A,C__34816116_20,CYP2D6,rs28371725,NA17117,C/C
CYP2D6.2M_g.2988G>A,C__34816116_20,CYP2D6,rs28371725,NA17118,C/C
CYP2D6.2M_g.2988G>A,C__34816116_20,CYP2D6,rs28371725,NA17120,C/C
CYP2D6.2M_g.2988G>A,C__34816116_20,CYP2D6,rs28371725,NA17125,C/C
CYP2D6.2M_g.2988G>A,C__34816116_20,CYP2D6,rs28371725,NA17126,C/C
CYP2D6.2M_g.2988G>A,C__34816116_20,CYP2D6,rs28371725,NA17128,C/C
CYP2D6.2M_g.2988G>A,C__34816116_20,CYP2D6,rs28371725,NA17130,C/C
CYP2D6.2M_g.2988G>A,C__34816116_20,CYP2D6,rs28371725,NA17132,C/C
CYP2D6.2M_g.2988G>A,C__34816116_20,CYP2D6,rs28371725,NA17137,C/C
CYP2D6.2M_g.2988G>A,C__34816116_20,CYP2D6,rs28371725,NA17139,C/C
CYP2D6.2M_g.2988G>A,C__34816116_20,CYP2D6,rs28371725,NA17144,C/C
CYP2D6.2M_g.2988G>A,C__34816116_20,CYP2D6,rs28371725,NA17148,C/C
CYP2D6.2M_g.2988G>A,C__34816116_20,CYP2D6,rs28371725,NA17155,C/C
CYP2D6.2M_g.2988G>A,C__34816116_20,CYP2D6,rs28371725,NA17205,C/T
CYP2D6.2M_g.2988G>A,C__34816116_20,CYP2D6,rs28371725,NA17206,C/C
CYP2D6.2M_g.2988G>A,C__34816116_20,CYP2D6,rs28371725,NA17207,C/T
CYP2D6.2M_g.2988G>A,C__34816116_20,CYP2D6,rs28371725,NA17209,C/C
CYP2D6.2M_g.2988G>A,C__34816116_20,CYP2D6,rs28371725,NA17210,C/C
CYP2D6.2M_g.2988G>A,C__34816116_20,CYP2D6,rs28371725,NA17211,C/C
CYP2D6.2M_g.2988G>A,C__34816116_20,CYP2D6,rs28371725,NA17216,C/C
CYP2D6.2M_g.2988G>A,C__34816116_20,CYP2D6,rs28371725,NA17217,C/T
CYP2D6.2M_g.2988G>A,C__34816116_20,CYP2D6,rs28371725,NA17221,C/C
CYP2D6.2M_g.2988G>A,C__34816116_20,CYP2D6,rs28371725,NA17223,C/C
CYP2D6.2M_g.2988G>A,C__34816116_20,CYP2D6,rs28371725,NA17225,C/C
CYP2D6.2M_g.2988G>A,C__34816116_20,CYP2D6,rs28371725,NA17227,C/C
CYP2D6.2M_g.2988G>A,C__34816116_20,CYP2D6,rs28371725,NA17232,C/C
CYP2D6.2M_g.2988G>A,C__34816116_20,CYP2D6,rs28371725,NA17237,C/C
CYP2D6.2M_g.2988G>A,C__34816116_20,CYP2D6,rs28371725,NA17239,C/C
CYP2D6.2M_g.2988G>A,C__34816116_20,CYP2D6,rs28371725,NA17242,C/C
CYP2D6.2M_g.2988G>A,C__34816116_20,CYP2D6,rs28371725,NA17245,C/C
CYP2D6.2M_g.2988G>A,C__34816116_20,CYP2D6,rs28371725,NA17247,C/C
CYP2D6.2M_g.2988G>A,C__34816116_20,CYP2D6,rs28371725,NA17254,C/T
CYP2D6.2M_g.2988G>A,C__34816116_20,CYP2D6,rs28371725,NA17258,C/T
CYP2D6.2M_g.2988G>A,C__34816116_20,CYP2D6,rs28371725,NA17259,C/T
CYP2D6.2M_g.2988G>A,C__34816116_20,CYP2D6,rs28371725,NTC,N/A
CYP2D6.2M_g.2988G>A,C__34816116_20,CYP2D6,rs28371725,NTC,N/A
CYP2D6.2M_g.2988G>A,C__34816116_20,CYP2D6,rs28371725,NTC,N/A
CYP2D6.2M_g.2988G>A,C__34816116_20,CYP2D6,rs28371725,NTC,N/A
ABCB1_c.3095G>T,C_11711720C_30,ABCB1,rs2032582,NA14476,C/C
ABCB1_c.3095G>T,C_11711720C_30,ABCB1,rs2032582,NA17104,C/C
ABCB1_c.3095G>T,C_11711720C_30,ABCB1,rs2032582,NA17105,C/C
ABCB1_c.3095G>T,C_11711720C_30,ABCB1,rs2032582,NA17109,C/C
ABCB1_c.3095G>T,C_11711720C_30,ABCB1,rs2032582,NA17112,C/C
ABCB1_c.3095G>T,C_11711720C_30,ABCB1,rs2032582,NA17114,C/C
ABCB1_c.3095G>T,C_11711720C_30,ABCB1,rs2032582,NA17117,C/C
ABCB1_c.3095G>T,C_11711720C_30,ABCB1,rs2032582,NA17118,C/C
ABCB1_c.3095G>T,C_11711720C_30,ABCB1,rs2032582,NA17120,C/A
ABCB1_c.3095G>T,C_11711720C_30,ABCB1,rs2032582,NA17125,C/C
ABCB1_c.3095G>T,C_11711720C_30,ABCB1,rs2032582,NA17126,C/A
ABCB1_c.3095G>T,C_11711720C_30,ABCB1,rs2032582,NA17128,C/C
ABCB1_c.3095G>T,C_11711720C_30,ABCB1,rs2032582,NA17130,C/C
ABCB1_c.3095G>T,C_11711720C_30,ABCB1,rs2032582,NA17132,C/C
ABCB1_c.3095G>T,C_11711720C_30,ABCB1,rs2032582,NA17137,C/C
ABCB1_c.3095G>T,C_11711720C_30,ABCB1,rs2032582,NA17139,C/A
ABCB1_c.3095G>T,C_11711720C_30,ABCB1,rs2032582,NA17144,C/C
ABCB1_c.3095G>T,C_11711720C_30,ABCB1,rs2032582,NA17148,C/C
ABCB1_c.3095G>T,C_11711720C_30,ABCB1,rs2032582,NA17155,C/C
ABCB1_c.3095G>T,C_11711720C_30,ABCB1,rs2032582,NA17205,A/A
ABCB1_c.3095G>T,C_11711720C_30,ABCB1,rs2032582,NA17206,C/A
ABCB1_c.3095G>T,C_11711720C_30,ABCB1,rs2032582,NA17207,A/A
ABCB1_c.3095G>T,C_11711720C_30,ABCB1,rs2032582,NA17209,A/A
ABCB1_c.3095G>T,C_11711720C_30,ABCB1,rs2032582,NA17210,C/A
ABCB1_c.3095G>T,C_11711720C_30,ABCB1,rs2032582,NA17211,C/C
ABCB1_c.3095G>T,C_11711720C_30,ABCB1,rs2032582,NA17216,C/A
ABCB1_c.3095G>T,C_11711720C_30,ABCB1,rs2032582,NA17217,C/A
ABCB1_c.3095G>T,C_11711720C_30,ABCB1,rs2032582,NA17221,C/C
ABCB1_c.3095G>T,C_11711720C_30,ABCB1,rs2032582,NA17223,A/A
ABCB1_c.3095G>T,C_11711720C_30,ABCB1,rs2032582,NA17225,C/A
ABCB1_c.3095G>T,C_11711720C_30,ABCB1,rs2032582,NA17227,C/C
ABCB1_c.3095G>T,C_11711720C_30,ABCB1,rs2032582,NA17232,C/C
ABCB1_c.3095G>T,C_11711720C_30,ABCB1,rs2032582,NA17237,C/A
ABCB1_c.3095G>T,C_11711720C_30,ABCB1,rs2032582,NA17239,C/C
ABCB1_c.3095G>T,C_11711720C_30,ABCB1,rs2032582,NA17242,C/A
ABCB1_c.3095G>T,C_11711720C_30,ABCB1,rs2032582,NA17245,C/A
ABCB1_c.3095G>T,C_11711720C_30,ABCB1,rs2032582,NA17247,C/A
ABCB1_c.3095G>T,C_11711720C_30,ABCB1,rs2032582,NA17254,A/A
ABCB1_c.3095G>T,C_11711720C_30,ABCB1,rs2032582,NA17258,C/A
ABCB1_c.3095G>T,C_11711720C_30,ABCB1,rs2032582,NA17259,C/C
ABCB1_c.3095G>T,C_11711720C_30,ABCB1,rs2032582,NTC,N/A
ABCB1_c.3095G>T,C_11711720C_30,ABCB1,rs2032582,NTC,N/A
ABCB1_c.3095G>T,C_11711720C_30,ABCB1,rs2032582,NTC,N/A
ABCB1_c.3095G>T,C_11711720C_30,ABCB1,rs2032582,NTC,N/A
ABCB1_c.3095G>A,C_11711720D_40,ABCB1,rs2032582,NA14476,C/C
ABCB1_c.3095G>A,C_11711720D_40,ABCB1,rs2032582,NA17104,C/C
ABCB1_c.3095G>A,C_11711720D_40,ABCB1,rs2032582,NA17105,C/C
ABCB1_c.3095G>A,C_11711720D_40,ABCB1,rs2032582,NA17109,C/C
ABCB1_c.3095G>A,C_11711720D_40,ABCB1,rs2032582,NA17112,C/C
ABCB1_c.3095G>A,C_11711720D_40,ABCB1,rs2032582,NA17114,C/C
ABCB1_c.3095G>A,C_11711720D_40,ABCB1,rs2032582,NA17117,C/C
ABCB1_c.3095G>A,C_11711720D_40,ABCB1,rs2032582,NA17118,C/C
ABCB1_c.3095G>A,C_11711720D_40,ABCB1,rs2032582,NA17120,C/C
ABCB1_c.3095G>A,C_11711720D_40,ABCB1,rs2032582,NA17125,C/C
ABCB1_c.3095G>A,C_11711720D_40,ABCB1,rs2032582,NA17126,C/C
ABCB1_c.3095G>A,C_11711720D_40,ABCB1,rs2032582,NA17128,C/C
ABCB1_c.3095G>A,C_11711720D_40,ABCB1,rs2032582,NA17130,C/C
ABCB1_c.3095G>A,C_11711720D_40,ABCB1,rs2032582,NA17132,C/C
ABCB1_c.3095G>A,C_11711720D_40,ABCB1,rs2032582,NA17137,C/C
ABCB1_c.3095G>A,C_11711720D_40,ABCB1,rs2032582,NA17139,C/C
ABCB1_c.3095G>A,C_11711720D_40,ABCB1,rs2032582,NA17144,C/C
ABCB1_c.3095G>A,C_11711720D_40,ABCB1,rs2032582,NA17148,C/C
ABCB1_c.3095G>A,C_11711720D_40,ABCB1,rs2032582,NA17155,C/C
ABCB1_c.3095G>A,C_11711720D_40,ABCB1,rs2032582,NA17205,NOAMP
ABCB1_c.3095G>A,C_11711720D_40,ABCB1,rs2032582,NA17206,C/C
ABCB1_c.3095G>A,C_11711720D_40,ABCB1,rs2032582,NA17207,NOAMP
ABCB1_c.3095G>A,C_11711720D_40,ABCB1,rs2032582,NA17209,T/T
ABCB1_c.3095G>A,C_11711720D_40,ABCB1,rs2032582,NA17210,C/C
ABCB1_c.3095G>A,C_11711720D_40,ABCB1,rs2032582,NA17211,C/C
ABCB1_c.3095G>A,C_11711720D_40,ABCB1,rs2032582,NA17216,C/C
ABCB1_c.3095G>A,C_11711720D_40,ABCB1,rs2032582,NA17217,C/C
ABCB1_c.3095G>A,C_11711720D_40,ABCB1,rs2032582,NA17221,C/C
ABCB1_c.3095G>A,C_11711720D_40,ABCB1,rs2032582,NA17223,NOAMP
ABCB1_c.3095G>A,C_11711720D_40,ABCB1,rs2032582,NA17225,C/C
ABCB1_c.3095G>A,C_11711720D_40,ABCB1,rs2032582,NA17227,C/C
ABCB1_c.3095G>A,C_11711720D_40,ABCB1,rs2032582,NA17232,C/C
ABCB1_c.3095G>A,C_11711720D_40,ABCB1,rs2032582,NA17237,C/C
ABCB1_c.3095G>A,C_11711720D_40,ABCB1,rs2032582,NA17239,C/C
ABCB1_c.3095G>A,C_11711720D_40,ABCB1,rs2032582,NA17242,C/C
ABCB1_c.3095G>A,C_11711720D_40,ABCB1,rs2032582,NA17245,C/C
ABCB1_c.3095G>A,C_11711720D_40,ABCB1,rs2032582,NA17247,C/C
ABCB1_c.3095G>A,C_11711720D_40,ABCB1,rs2032582,NA17254,NOAMP
ABCB1_c.3095G>A,C_11711720D_40,ABCB1,rs2032582,NA17258,C/C
ABCB1_c.3095G>A,C_11711720D_40,ABCB1,rs2032582,NA17259,C/T
ABCB1_c.3095G>A,C_11711720D_40,ABCB1,rs2032582,NTC,N/A
ABCB1_c.3095G>A,C_11711720D_40,ABCB1,rs2032582,NTC,N/A
ABCB1_c.3095G>A,C_11711720D_40,ABCB1,rs2032582,NTC,N/A
ABCB1_c.3095G>A,C_11711720D_40,ABCB1,rs2032582,NTC,N/A
CYP2C9.27_c.449G>T,C_25625804D_20,CYP2C9,rs7900194,NA14476,G/G
CYP2C9.27_c.449G>T,C_25625804D_20,CYP2C9,rs7900194,NA17104,G/G
CYP2C9.27_c.449G>T,C_25625804D_20,CYP2C9,rs7900194,NA17105,G/G
CYP2C9.27_c.449G>T,C_25625804D_20,CYP2C9,rs7900194,NA17109,G/G
CYP2C9.27_c.449G>T,C_25625804D_20,CYP2C9,rs7900194,NA17112,G/G
CYP2C9.27_c.449G>T,C_25625804D_20,CYP2C9,rs7900194,NA17114,G/G
CYP2C9.27_c.449G>T,C_25625804D_20,CYP2C9,rs7900194,NA17117,G/G
CYP2C9.27_c.449G>T,C_25625804D_20,CYP2C9,rs7900194,NA17118,G/G
CYP2C9.27_c.449G>T,C_25625804D_20,CYP2C9,rs7900194,NA17120,G/G
CYP2C9.27_c.449G>T,C_25625804D_20,CYP2C9,rs7900194,NA17125,G/G
CYP2C9.27_c.449G>T,C_25625804D_20,CYP2C9,rs7900194,NA17126,G/G
CYP2C9.27_c.449G>T,C_25625804D_20,CYP2C9,rs7900194,NA17128,G/G
CYP2C9.27_c.449G>T,C_25625804D_20,CYP2C9,rs7900194,NA17130,G/G
CYP2C9.27_c.449G>T,C_25625804D_20,CYP2C9,rs7900194,NA17132,G/G
CYP2C9.27_c.449G>T,C_25625804D_20,CYP2C9,rs7900194,NA17137,G/G
CYP2C9.27_c.449G>T,C_25625804D_20,CYP2C9,rs7900194,NA17139,G/G
CYP2C9.27_c.449G>T,C_25625804D_20,CYP2C9,rs7900194,NA17144,G/G
CYP2C9.27_c.449G>T,C_25625804D_20,CYP2C9,rs7900194,NA17148,G/G
CYP2C9.27_c.449G>T,C_25625804D_20,CYP2C9,rs7900194,NA17155,G/G
CYP2C9.27_c.449G>T,C_25625804D_20,CYP2C9,rs7900194,NA17205,G/G
CYP2C9.27_c.449G>T,C_25625804D_20,CYP2C9,rs7900194,NA17206,G/G
CYP2C9.27_c.449G>T,C_25625804D_20,CYP2C9,rs7900194,NA17207,G/G
CYP2C9.27_c.449G>T,C_25625804D_20,CYP2C9,rs7900194,NA17209,G/G
CYP2C9.27_c.449G>T,C_25625804D_20,CYP2C9,rs7900194,NA17210,G/G
CYP2C9.27_c.449G>T,C_25625804D_20,CYP2C9,rs7900194,NA17211,G/G
CYP2C9.27_c.449G>T,C_25625804D_20,CYP2C9,rs7900194,NA17216,G/G
CYP2C9.27_c.449G>T,C_25625804D_20,CYP2C9,rs7900194,NA17217,G/G
CYP2C9.27_c.449G>T,C_25625804D_20,CYP2C9,rs7900194,NA17221,G/G
CYP2C9.27_c.449G>T,C_25625804D_20,CYP2C9,rs7900194,NA17223,G/G
CYP2C9.27_c.449G>T,C_25625804D_20,CYP2C9,rs7900194,NA17225,G/G
CYP2C9.27_c.449G>T,C_25625804D_20,CYP2C9,rs7900194,NA17227,G/G
CYP2C9.27_c.449G>T,C_25625804D_20,CYP2C9,rs7900194,NA17232,G/G
CYP2C9.27_c.449G>T,C_25625804D_20,CYP2C9,rs7900194,NA17237,G/G
CYP2C9.27_c.449G>T,C_25625804D_20,CYP2C9,rs7900194,NA17239,G/G
CYP2C9.27_c.449G>T,C_25625804D_20,CYP2C9,rs7900194,NA17242,G/G
CYP2C9.27_c.449G>T,C_25625804D_20,CYP2C9,rs7900194,NA17245,G/G
CYP2C9.27_c.449G>T,C_25625804D_20,CYP2C9,rs7900194,NA17247,G/G
CYP2C9.27_c.449G>T,C_25625804D_20,CYP2C9,rs7900194,NA17254,G/G
CYP2C9.27_c.449G>T,C_25625804D_20,CYP2C9,rs7900194,NA17258,G/G
CYP2C9.27_c.449G>T,C_25625804D_20,CYP2C9,rs7900194,NA17259,G/G
CYP2C9.27_c.449G>T,C_25625804D_20,CYP2C9,rs7900194,NTC,N/A
CYP2C9.27_c.449G>T,C_25625804D_20,CYP2C9,rs7900194,NTC,N/A
CYP2C9.27_c.449G>T,C_25625804D_20,CYP2C9,rs7900194,NTC,N/A
CYP2C9.27_c.449G>T,C_25625804D_20,CYP2C9,rs7900194,NTC,N/A
CYP2D6.8_g.1758G>T,C_30634117C_20,CYP2D6,rs5030865,NA14476,C/C
CYP2D6.8_g.1758G>T,C_30634117C_20,CYP2D6,rs5030865,NA17104,C/C
CYP2D6.8_g.1758G>T,C_30634117C_20,CYP2D6,rs5030865,NA17105,C/C
CYP2D6.8_g.1758G>T,C_30634117C_20,CYP2D6,rs5030865,NA17109,C/C
CYP2D6.8_g.1758G>T,C_30634117C_20,CYP2D6,rs5030865,NA17112,C/C
CYP2D6.8_g.1758G>T,C_30634117C_20,CYP2D6,rs5030865,NA17114,C/C
CYP2D6.8_g.1758G>T,C_30634117C_20,CYP2D6,rs5030865,NA17117,C/C
CYP2D6.8_g.1758G>T,C_30634117C_20,CYP2D6,rs5030865,NA17118,C/C
CYP2D6.8_g.1758G>T,C_30634117C_20,CYP2D6,rs5030865,NA17120,C/C
CYP2D6.8_g.1758G>T,C_30634117C_20,CYP2D6,rs5030865,NA17125,C/C
CYP2D6.8_g.1758G>T,C_30634117C_20,CYP2D6,rs5030865,NA17126,C/C
CYP2D6.8_g.1758G>T,C_30634117C_20,CYP2D6,rs5030865,NA17128,C/C
CYP2D6.8_g.1758G>T,C_30634117C_20,CYP2D6,rs5030865,NA17130,C/C
CYP2D6.8_g.1758G>T,C_30634117C_20,CYP2D6,rs5030865,NA17132,C/C
CYP2D6.8_g.1758G>T,C_30634117C_20,CYP2D6,rs5030865,NA17137,C/C
CYP2D6.8_g.1758G>T,C_30634117C_20,CYP2D6,rs5030865,NA17139,C/C
CYP2D6.8_g.1758G>T,C_30634117C_20,CYP2D6,rs5030865,NA17144,C/C
CYP2D6.8_g.1758G>T,C_30634117C_20,CYP2D6,rs5030865,NA17148,C/C
CYP2D6.8_g.1758G>T,C_30634117C_20,CYP2D6,rs5030865,NA17155,C/C
CYP2D6.8_g.1758G>T,C_30634117C_20,CYP2D6,rs5030865,NA17205,C/C
CYP2D6.8_g.1758G>T,C_30634117C_20,CYP2D6,rs5030865,NA17206,C/C
CYP2D6.8_g.1758G>T,C_30634117C_20,CYP2D6,rs5030865,NA17207,C/C
CYP2D6.8_g.1758G>T,C_30634117C_20,CYP2D6,rs5030865,NA17209,C/C
CYP2D6.8_g.1758G>T,C_30634117C_20,CYP2D6,rs5030865,NA17210,C/C
CYP2D6.8_g.1758G>T,C_30634117C_20,CYP2D6,rs5030865,NA17211,C/C
CYP2D6.8_g.1758G>T,C_30634117C_20,CYP2D6,rs5030865,NA17216,C/C
CYP2D6.8_g.1758G>T,C_30634117C_20,CYP2D6,rs5030865,NA17217,C/C
CYP2D6.8_g.1758G>T,C_30634117C_20,CYP2D6,rs5030865,NA17221,C/C
CYP2D6.8_g.1758G>T,C_30634117C_20,CYP2D6,rs5030865,NA17223,C/C
CYP2D6.8_g.1758G>T,C_30634117C_20,CYP2D6,rs5030865,NA17225,C/C
CYP2D6.8_g.1758G>T,C_30634117C_20,CYP2D6,rs5030865,NA17227,C/C
CYP2D6.8_g.1758G>T,C_30634117C_20,CYP2D6,rs5030865,NA17232,C/C
CYP2D6.8_g.1758G>T,C_30634117C_20,CYP2D6,rs5030865,NA17237,C/C
CYP2D6.8_g.1758G>T,C_30634117C_20,CYP2D6,rs5030865,NA17239,C/C
CYP2D6.8_g.1758G>T,C_30634117C_20,CYP2D6,rs5030865,NA17242,C/C
CYP2D6.8_g.1758G>T,C_30634117C_20,CYP2D6,rs5030865,NA17245,C/C
CYP2D6.8_g.1758G>T,C_30634117C_20,CYP2D6,rs5030865,NA17247,C/C
CYP2D6.8_g.1758G>T,C_30634117C_20,CYP2D6,rs5030865,NA17254,C/C
CYP2D6.8_g.1758G>T,C_30634117C_20,CYP2D6,rs5030865,NA17258,C/C
CYP2D6.8_g.1758G>T,C_30634117C_20,CYP2D6,rs5030865,NA17259,C/C
CYP2D6.8_g.1758G>T,C_30634117C_20,CYP2D6,rs5030865,NTC,N/A
CYP2D6.8_g.1758G>T,C_30634117C_20,CYP2D6,rs5030865,NTC,N/A
CYP2D6.8_g.1758G>T,C_30634117C_20,CYP2D6,rs5030865,NTC,N/A
CYP2D6.8_g.1758G>T,C_30634117C_20,CYP2D6,rs5030865,NTC,N/A
CYP2D6.14_g.1758G>A,C_30634117D_30,CYP2D6,rs5030865,NA14476,C/C
CYP2D6.14_g.1758G>A,C_30634117D_30,CYP2D6,rs5030865,NA17104,C/C
CYP2D6.14_g.1758G>A,C_30634117D_30,CYP2D6,rs5030865,NA17105,C/C
CYP2D6.14_g.1758G>A,C_30634117D_30,CYP2D6,rs5030865,NA17109,C/C
CYP2D6.14_g.1758G>A,C_30634117D_30,CYP2D6,rs5030865,NA17112,C/C
CYP2D6.14_g.1758G>A,C_30634117D_30,CYP2D6,rs5030865,NA17114,C/C
CYP2D6.14_g.1758G>A,C_30634117D_30,CYP2D6,rs5030865,NA17117,C/C
CYP2D6.14_g.1758G>A,C_30634117D_30,CYP2D6,rs5030865,NA17118,C/C
CYP2D6.14_g.1758G>A,C_30634117D_30,CYP2D6,rs5030865,NA17120,C/C
CYP2D6.14_g.1758G>A,C_30634117D_30,CYP2D6,rs5030865,NA17125,C/C
CYP2D6.14_g.1758G>A,C_30634117D_30,CYP2D6,rs5030865,NA17126,C/C
CYP2D6.14_g.1758G>A,C_30634117D_30,CYP2D6,rs5030865,NA17128,C/C
CYP2D6.14_g.1758G>A,C_30634117D_30,CYP2D6,rs5030865,NA17130,C/C
CYP2D6.14_g.1758G>A,C_30634117D_30,CYP2D6,rs5030865,NA17132,C/C
CYP2D6.14_g.1758G>A,C_30634117D_30,CYP2D6,rs5030865,NA17137,C/C
CYP2D6.14_g.1758G>A,C_30634117D_30,CYP2D6,rs5030865,NA17139,C/C
CYP2D6.14_g.1758G>A,C_30634117D_30,CYP2D6,rs5030865,NA17144,C/C
CYP2D6.14_g.1758G>A,C_30634117D_30,CYP2D6,rs5030865,NA17148,C/C
CYP2D6.14_g.1758G>A,C_30634117D_30,CYP2D6,rs5030865,NA17155,C/C
CYP2D6.14_g.1758G>A,C_30634117D_30,CYP2D6,rs5030865,NA17205,C/C
CYP2D6.14_g.1758G>A,C_30634117D_30,CYP2D6,rs5030865,NA17206,C/C
CYP2D6.14_g.1758G>A,C_30634117D_30,CYP2D6,rs5030865,NA17207,C/C
CYP2D6.14_g.1758G>A,C_30634117D_30,CYP2D6,rs5030865,NA17209,C/C
CYP2D6.14_g.1758G>A,C_30634117D_30,CYP2D6,rs5030865,NA17210,C/C
CYP2D6.14_g.1758G>A,C_30634117D_30,CYP2D6,rs5030865,NA17211,C/C
CYP2D6.14_g.1758G>A,C_30634117D_30,CYP2D6,rs5030865,NA17216,C/C
CYP2D6.14_g.1758G>A,C_30634117D_30,CYP2D6,rs5030865,NA17217,C/C
CYP2D6.14_g.1758G>A,C_30634117D_30,CYP2D6,rs5030865,NA17221,C/C
CYP2D6.14_g.1758G>A,C_30634117D_30,CYP2D6,rs5030865,NA17223,C/C
CYP2D6.14_g.1758G>A,C_30634117D_30,CYP2D6,rs5030865,NA17225,C/C
CYP2D6.14_g.1758G>A,C_30634117D_30,CYP2D6,rs5030865,NA17227,C/C
CYP2D6.14_g.1758G>A,C_30634117D_30,CYP2D6,rs5030865,NA17232,C/C
CYP2D6.14_g.1758G>A,C_30634117D_30,CYP2D6,rs5030865,NA17237,C/C
CYP2D6.14_g.1758G>A,C_30634117D_30,CYP2D6,rs5030865,NA17239,C/C
CYP2D6.14_g.1758G>A,C_30634117D_30,CYP2D6,rs5030865,NA17242,C/C
CYP2D6.14_g.1758G>A,C_30634117D_30,CYP2D6,rs5030865,NA17245,C/C
CYP2D6.14_g.1758G>A,C_30634117D_30,CYP2D6,rs5030865,NA17247,C/C
CYP2D6.14_g.1758G>A,C_30634117D_30,CYP2D6,rs5030865,NA17254,C/C
CYP2D6.14_g.1758G>A,C_30634117D_30,CYP2D6,rs5030865,NA17258,C/C
CYP2D6.14_g.1758G>A,C_30634117D_30,CYP2D6,rs5030865,NA17259,C/C
CYP2D6.14_g.1758G>A,C_30634117D_30,CYP2D6,rs5030865,NTC,N/A
CYP2D6.14_g.1758G>A,C_30634117D_30,CYP2D6,rs5030865,NTC,N/A
CYP2D6.14_g.1758G>A,C_30634117D_30,CYP2D6,rs5030865,NTC,N/A
CYP2D6.14_g.1758G>A,C_30634117D_30,CYP2D6,rs5030865,NTC,N/A
